epoch_id,title,method_family,layer,verdict,bucket,bucket_source,dichotomy_side,licence_effect,la_touched,plan_hash,completed,artifact_paths
EPOCH-001,,F8/F1,,RESOLVED_PUBLISHED_PARTIAL,OTHER,heuristic,,,,,,
EPOCH-002,higher-order substitution motifs (trigram-frame / formula-slot / site-stratified),F3,L2,within_script:MOTIF_WITHIN_EQUIVALENT / cross_script:MOTIF_CROSS_SUPERIOR,POSITIVE_RELATIVE,heuristic,,none,,09c55c9e42406393d278299569007d085e1bc9c558ca388ca4715f76b34cadae,2026-07-08,epochs/EPOCH-002/result.json; reports/EPOCH002_SUBSTITUTION_MOTIFS.md; data/motifs/
EPOCH-003,seed-poverty + corpus-power surface for the trigram-frame motif bridge,F3,L2,BRIDGE_NOT_VIABLE_AT_LA_SEED_BUDGET,BOUNDED_NEGATIVE,heuristic,,none,,be6dd7e786d373df3cad5c9b9bdba9b1786e6d98629a6c211eee9e8901e025d6,2026-07-08,epochs/EPOCH-003/result.json; reports/EPOCH003_SEED_POVERTY_SURFACE.md; data/motifs/seed_poverty/
EPOCH-004,,F10,L2/L3,SEAL_FROZEN_PROSPECTIVE,PROSPECTIVE_SEAL,heuristic,,none,,da6e024832d2dc75f1c2ecf91ce36179fa425671def15220736cfe724a4ba4ef,2026-07-08,epochs/EPOCH-004/result.json; reports/EPOCH004_FRACTION_SEAL.md; data/seals/FRACTION_ORDER_ANETAKI_SEAL.json
EPOCH-005,,F8,,PROVENANCE_ESTABLISHED + ERRATUM_REQUIRED,OTHER,heuristic,,,,,,
EPOCH-006,,F3,L2,SEED_EFFICIENCY_NOT_ACHIEVED,OTHER,heuristic,,none,,23fc9fd26a77923466dc26a3d2c9d5dd84ea003442c9bf1ddfc4cfb20c8fd4df,2026-07-08,epochs/EPOCH-006/result.json; reports/EPOCH006_SEED_EFFICIENT_ESTIMATORS.md; data/motifs/seed_efficient/E006_result.json
EPOCH-007,ledger-role induction as anchor constraints (blind slot roles W/C/U/T from document structure),F5,L2/L3,ROLE_INDUCTION_NO_POWER,BOUNDED_NEGATIVE,heuristic,,none,,6c85277da7c4e5d30abdd12bca084db4076c4f12e334225f5a5c535dfc2be566,2026-07-08,epochs/EPOCH-007/result.json; reports/EPOCH007_LEDGER_ROLES.md; data/ledger_roles/
EPOCH-008,,F2,L1,STROKE_RECOVERY_PARTIAL,OTHER,heuristic,,none,,67ea9ac471221ec91ebe1067d3696af725b14951d443637c4c9574fa6181e6a2,2026-07-08,epochs/EPOCH-008/result.json; epochs/EPOCH-008/result_addendum1.json; reports/EPOCH008_STROKE_PILOT.md; data/stroke_pilot/
EPOCH-009,,F2,L1,STROKE_CHANNEL_CALIBRATED_USEFUL,OTHER,heuristic,,none,,ec87a23b87d0c984ba47e79d6b9d8dfd0d83f397fa5a1f05cb188e3cc8d88cdc,2026-07-08,epochs/EPOCH-009/result.json; epochs/EPOCH-009/posthoc.json; reports/EPOCH009_STROKE_CORPUS_SWEEP.md; data/stroke_corpus/
EPOCH-010,,F3,L2,DOOR_MARGINAL,OTHER,heuristic,,none,,0380e6c327b72fa1a0e65d9d95dff93572de95b783fb70e2c4de9783daa878fe,2026-07-08,epochs/EPOCH-010/result.json; reports/EPOCH010_CHANNEL_CAPACITY.md; data/motifs/capacity/
EPOCH-011,,F5,,BOTH_DETECTORS_NO_POWER,BOUNDED_NEGATIVE,heuristic,,,,,,
EPOCH-012,scribal/site allograph structure (first productive use of the E009 stroke channel),F6,L1,ALLOGRAPH_STRUCTURE_CONFOUNDED,OTHER,heuristic,,none,,a051ea371c3e6ac74f5b35d30fa52084e7023644a90f5135c29c75bf97818969,2026-07-08,epochs/EPOCH-012/result.json; reports/EPOCH012_ALLOGRAPH_STRUCTURE.md; data/stroke_corpus/allograph_structure/
EPOCH-013,component-decomposition matcher (attack the E009 coverage ceiling),F2/F9,L1,DECOMPOSITION_NEUTRAL,OTHER,heuristic,,none,,76ea706c1243e2decbd73d07f0ff6cc68b126bfee98c2177f6e57aad304b06e0,2026-07-08,epochs/EPOCH-013/result.json; reports/EPOCH013_COMPONENT_MATCHER.md; data/stroke_corpus/component_matcher/
EPOCH-014,register-stratified phonotactics (value-free strata test),F7,L2,REGISTER_STRATA_NO_POWER,BOUNDED_NEGATIVE,heuristic,,none,,017c615febb848749e72c941789542e5dce214ca0b956a8eda6400ede7be2ff9,2026-07-08,epochs/EPOCH-014/result.json; reports/EPOCH014_REGISTER_STRATA.md; data/register_strata/
EPOCH-015,"segmentation-marginalized morphology (word boundaries latent; affixes induced by marginalizing over a calibrated boundary distribution, K=20)",F4,L2/L3,MARGINALIZATION_HELPS_WHERE_TRUTH_KNOWN__PC_LB_GATE_VACUOUS__A_PREFIX_ROBUST_REPORTED__NO_NEW_LA_AFFIX,POSITIVE_RELATIVE,heuristic,,none,True,d35828be6ebb610541884d8cef48e55bda229d0b8d9429870c26bade13c32024,2026-07-08,epochs/EPOCH-015/prereg.md; epochs/EPOCH-015/plan_hash.txt; epochs/EPOCH-015/DEVIATIONS.md; epochs/EPOCH-015/result.json; reports/EPOCH015_MARGINALIZED_MORPHOLOGY.md; scripts/e015_lib.py; scripts/e015_pc_lb.py; scripts/e015_pc_lb2.py; scripts/e015_synth.py; scripts/e015_la.py; data/marginalized_morp
EPOCH-016,simulation-based inference pilot (known-script calibration only),F9,L2,SBI_MATCHES,BOUNDED_NEGATIVE,heuristic,,none,False,a15faa74d93febf92992dc4248eef7f6e52db9478d371c46c71c314c79e83ddf,2026-07-08,epochs/EPOCH-016/prereg.md; epochs/EPOCH-016/plan_hash.txt; epochs/EPOCH-016/result.json; epochs/EPOCH-016/run.log; reports/EPOCH016_SBI_PILOT.md; data/sbi_pilot/E016_result.json; data/sbi_pilot/E016_run.log; data/sbi_pilot/E016_smoke_simonly.json
EPOCH-017,photograph/second-rendering allograph de-confound of E012's doc->site tracer confound (feature-partition fallback: rendering-invariant topology INV vs rendering-sensitive curve/ori,F6,L1,"SITE_ALLOGRAPH_REAL (frozen rule, on INV/topology partition) -- HONESTLY QUALIFIED: carried entirely by leg1 (pairwise within<cross-site spread), which fires on BOTH INV (T .177, p_holm .0004) AND SEN (T .145, p_holm .0004) -> real data are the PC's MIXED scenario, not the clean topology-only scenario the rule was designed for; leg2 (doc->site classifier) remains CONFOUNDED after partition (INV ba",QUALIFICATION,heuristic,,none,True,3b527541f2ed427028fff73c5264394b874150257833c0f5f6cc32b0b48624c9,2026-07-08,epochs/EPOCH-017/prereg.md; epochs/EPOCH-017/plan_hash.txt; epochs/EPOCH-017/result.json; epochs/EPOCH-017/DEVIATIONS.md; scripts/e017_allograph_deconfound.py; data/allograph_deconfound/; reports/EPOCH017_ALLOGRAPH_DECONFOUND.md
EPOCH-018,dedicated adaptive-null family (>=200 realizations) for the E013 component-decomposition cross-script channel,§12 (dedicated adaptive-null family 1 of 3),L1,"CHANNEL_SURVIVES_ADAPTIVE_NULL -- observed exceeds all 999 null draws (null mean .0597, sd .0098, p95 .0774, max .0959); ~19 null-SDs above mean, 4.14x null mean; p_adaptive_raw .001, Bonferroni-deflated over K=3 (E008/E009/E013 architectures) = .003 < alpha .01.",BOUNDED_NEGATIVE,heuristic,,none,False,b0dd95792b5c9a2eaa4c6814f4d537c1d51d137eaba6e5ae492f0523640ddc45,2026-07-08,epochs/EPOCH-018/prereg.md; epochs/EPOCH-018/plan_hash.txt; epochs/EPOCH-018/result.json; epochs/EPOCH-018/DEVIATIONS.md; scripts/epoch018_decomp_adaptive_null.py; data/decomp_adaptive_null/; reports/EPOCH018_DECOMP_ADAPTIVE_NULL.md
EPOCH-019,component-channel value-recovery identifiability surface (anchor-budget x channel-quality -> value-class ARI),§12 (third power surface — ATTEMPT 1),L1,"HARNESS_NOT_VALIDATED (mechanical, fail-closed) -- the surface as designed does not clear its own PC, so NO certified claim about LA's component-channel value-recovery point is licensed. Root cause diagnosed: concatenated equal-noise one-hot representation makes same-row and same-column pairwise distances numerically identical, so no Euclidean method can separate the axes without already knowing t",OTHER,heuristic,,none,descriptive only (uncertified; PC failed at every cell incl. non-LA cells),,2026-07-08,epochs/EPOCH-019/prereg.md; epochs/EPOCH-019/plan_hash.txt; epochs/EPOCH-019/DEVIATIONS.md; epochs/EPOCH-019/result.json; reports/EPOCH019_COMPONENT_POWER_SURFACE.md; scripts/epoch019_component_power_surface.py; scripts/epoch019_posthoc_seeded.py; data/component_power_surface/
EPOCH-020,dedicated matched-marginal adaptive-null family for the E017 leg1-topology (INV) site-allograph signal,§12 (dedicated adaptive-null family 2 of 3),L1,"SITE_ALLOGRAPH_SURVIVES_ADAPTIVE_NULL (INV partition) -- aggregate T_obs 0.1767 exceeds the max of 10,000 restricted-null draws (0.1452); adaptive p at 1/10001 floor; per-sign Holm family false-graduation rate 0.0000. BUT NARROWED: only 1 of 60 signs individually clears Holm (2nd-smallest p 0.0002 just misses) -> the signal is CONCENTRATED in one (possibly two borderline) sign, NOT broadly distrib",BOUNDED_NEGATIVE,heuristic,,none,True,,2026-07-08,epochs/EPOCH-020/prereg.md; epochs/EPOCH-020/plan_hash.txt; epochs/EPOCH-020/result.json; reports/EPOCH020_ALLOGRAPH_ADAPTIVE_NULL.md; scripts/; data/allograph_adaptive_null/
EPOCH-021,redesigned component-channel value-recovery surface (asymmetric block amplitude + anchor-learned Fisher weighting),§12 (third power surface — ATTEMPT 2),L1,"HARNESS_NOT_VALIDATED (fail-closed, 2nd attempt) -- but with a STRONG diagnosis disclosed pre-freeze: the residual LB-point failure is ANALYTICALLY INVARIANT to amplitude tuning (bisection-calibrated noise scales with A_ROW, self-cancelling row SNR gains; verified across A_ROW in {1.3,2,3,4}). The real barrier is ANCHOR COVERAGE: 12 anchors over an 18-class row axis cover only ~9/18 in expectation",POSITIVE_RELATIVE,heuristic,,none,descriptive only (uncertified; PC failed),397633786d941f96f96d769ea6781c6a7a3a09d85ec4e81fe28b17f9fffa66a6,2026-07-08,epochs/EPOCH-021/prereg.md; epochs/EPOCH-021/plan_hash.txt; epochs/EPOCH-021/result.json; epochs/EPOCH-021/DEVIATIONS.md; reports/EPOCH021_COMPONENT_POWER_SURFACE_V2.md; scripts/epoch021_component_power_surface_v2.py; data/component_power_surface_v2/
EPOCH-022,dedicated LA-structure-matched adaptive-null family for A- prefixation (independent of E015's vacuous PC-LB gate),§12 (dedicated adaptive-null family 3 of 3),L2/L3,"A_PREFIX_SURVIVES_ADAPTIVE_NULL -- single-confirmatory adaptive p (PERMUTE, independent of E015) = 0.0002 (0/5000 null >= 47; null max 39). Best-of-72-candidate deflation: maxT (correct, correlation-aware) p = 0.0002 (z 5.63 > null max-z 5.19); Bonferroni/Holm = 0.0144 (clears .05 family bar but NOT .01 in isolation -- honestly reported crude-vs-correct multiplicity divergence). A- is the SOLE sur",BOUNDED_NEGATIVE,heuristic,,none,True,,2026-07-08,epochs/EPOCH-022/prereg.md; epochs/EPOCH-022/plan_hash.txt; epochs/EPOCH-022/result.json; reports/EPOCH022_APREFIX_ADAPTIVE_NULL.md; scripts/; data/aprefix_adaptive_null/
EPOCH-023,A- prefixation held-out / cross-site robustness (Linear-B held-out standard applied to the campaign's strongest LA positive),F4,L2/L3,"A_PREFIX_CROSS_SITE_ROBUST (all 4 frozen conjuncts TRUE, orchestrator-verified): PC passed AND A- significant (raw + Holm) in 9/10 sites AND survives leave-one-site-out (drop Haghia Triada 694w -> p .001 on remaining 675) AND clears 9 sites vs median 2 for the 5 next-most-initial comparators (KU1/I3/JA3/DA1/SA2).",POSITIVE_RELATIVE,heuristic,,none,True,a84ac47db4799dc0e75aeaed391ff87e26895e6e666babdfa5c320f86841568a,2026-07-08,epochs/EPOCH-023/prereg.md; epochs/EPOCH-023/plan_hash.txt; epochs/EPOCH-023/machinery.py; epochs/EPOCH-023/result.json; reports/EPOCH023_APREFIX_CROSS_SITE.md
EPOCH-024,"A- prefixation multi-axis held-out robustness (support-type + chronological-phase partitions, orthogonal to E023's site axis)",F4,L2/L3,"A_PREFIX_MULTIAXIS_ROBUST (all 5 frozen conjuncts TRUE, orchestrator-verified): PC passed AND A- significant in >=2 SUPPORT partitions (5/6) AND survives support leave-one-out AND significant in >=2 CONTEXT partitions (4/4) AND clears >=2 more support partitions than the comparator median (5 vs 1).",POSITIVE_RELATIVE,heuristic,,none,True,9906cac0dacb9b679ee0f5689ace7870b862752204ab8f0ea324976d8fb6ca72,2026-07-08,epochs/EPOCH-024/prereg.md; epochs/EPOCH-024/plan_hash.txt; epochs/EPOCH-024/machinery.py; epochs/EPOCH-024/result.json; epochs/EPOCH-024/run_analysis.py; reports/EPOCH024_REPORT.md
EPOCH-025,A- prefix productivity (adversarial: is A- a productive slot or a few-frequent-word-type artifact?),F4,L2/L3,A_PREFIX_PRODUCTIVE_ROBUST (all frozen conjuncts TRUE): PC passed AND A- stays significant after removing its top A-initial word-type (p .001) AND n_distinct_A_types=115>=8 AND A-'s type-diversity (115) exceeds the comparator median (~36).,POSITIVE_RELATIVE,heuristic,,none,True,see epochs/EPOCH-025/plan_hash.txt,2026-07-08,epochs/EPOCH-025/prereg.md; epochs/EPOCH-025/plan_hash.txt; epochs/EPOCH-025/machinery.py; epochs/EPOCH-025/result.json; reports/EPOCH025_REPORT.md
EPOCH-026,Word-final positional structure (terminal analog of A-): is there a cross-site-robust productive terminal sign class?,F5,L2/L3,"FINAL_CLASS_CONCENTRATED — RO is word-final-significant GLOBALLY (78 finals, p .001) but concentrated in ONE site: significant in only 1/10 sites (Haghia Triada), which holds 84.6% of all RO-finals; leave-one-site-out borderline (p .046); clears 1 site vs comparator median ~2. It does NOT meet the cross-site held-out standard.",SITE_LOCAL,heuristic,,none,True,see epochs/EPOCH-026/plan_hash.txt,2026-07-08,epochs/EPOCH-026/prereg.md; epochs/EPOCH-026/plan_hash.txt; epochs/EPOCH-026/machinery.py; epochs/EPOCH-026/result.json; reports/EPOCH026_REPORT.md
EPOCH-027,Initial-vs-final cross-site generalization asymmetry (synthesis of E023 A- + E026 RO); inventory-wide,F5,L2/L3,"MACHINERY_UNINFORMATIVE — the PC failed, so NO Linear A asymmetry claim is authorized. The method is disqualified for this question.",BOUNDED_NEGATIVE,heuristic,,none,True,see epochs/EPOCH-027/plan_hash.txt,2026-07-08,epochs/EPOCH-027/prereg.md; epochs/EPOCH-027/plan_hash.txt; epochs/EPOCH-027/machinery.py; epochs/EPOCH-027/result.json; reports/EPOCH027_REPORT.md
EPOCH-028,"Document-class word-length register signature (support type predicts word length, site-controlled)",F6,L2/L3,DOCCLASS_LENGTH_SIGNATURE_ROBUST (frozen conjuncts met): PC passed AND global Kruskal p<=.05 AND within-site support-length effect significant in >=2 sites AND (per the frozen rule) direction consistent AND pooled permutation p=0.0002.,POSITIVE_RELATIVE,heuristic,,none,True,see epochs/EPOCH-028/plan_hash.txt,2026-07-08,epochs/EPOCH-028/prereg.md; epochs/EPOCH-028/plan_hash.txt; epochs/EPOCH-028/machinery.py; epochs/EPOCH-028/result.json; reports/EPOCH028_REPORT.md
EPOCH-029,"Word-internal sign-bigram collocation structure (combinatorial adjacency grammar, cross-site held-out)",F7,L2/L3,"MACHINERY_UNINFORMATIVE — the PC failed (method's significance test is anti-conservative), so no certified Linear A bigram-structure claim. The method is disqualified at this calibration.",BOUNDED_NEGATIVE,heuristic,,none,True,see epochs/EPOCH-029/plan_hash.txt,2026-07-08,epochs/EPOCH-029/prereg.md; epochs/EPOCH-029/plan_hash.txt; epochs/EPOCH-029/machinery.py; epochs/EPOCH-029/result.json; reports/EPOCH029_REPORT.md
EPOCH-030,"Numeral attachment order in the ledger grammar (word->numeral vs numeral->word, cross-site)",F8,L2/L3,"MACHINERY_UNINFORMATIVE (frozen stream-shuffle null failed its PC). NOTE: this is a null-MODEL failure, NOT absence of signal — the raw word->numeral ledger pattern is overwhelming and cross-site-consistent, awaiting a calibrated null (E031).",BOUNDED_NEGATIVE,heuristic,,none,True,see epochs/EPOCH-030/plan_hash.txt,2026-07-08,epochs/EPOCH-030/prereg.md; epochs/EPOCH-030/plan_hash.txt; epochs/EPOCH-030/machinery.py; epochs/EPOCH-030/result.json; epochs/EPOCH-030/_full_results.json; reports/EPOCH030_REPORT.md
EPOCH-031,"Ledger word->numeral order, CALIBRATED pair-flip null (certification successor of E030)",F8,L2/L3,"LEDGER_WORD_NUMERAL_CROSS_SITE_ROBUST (all frozen conjuncts TRUE, orchestrator-verified): PC passed AND global pair-flip/binomial p<<0.05 (word-first) AND all 8 testable sites individually significant same direction AND survives leave-one-site-out.",POSITIVE_RELATIVE,heuristic,,none,True,see epochs/EPOCH-031/plan_hash.txt,2026-07-08,epochs/EPOCH-031/prereg.md; epochs/EPOCH-031/plan_hash.txt; epochs/EPOCH-031/machinery.py; epochs/EPOCH-031/result.json; reports/EPOCH031_REPORT.md
EPOCH-032,"Cross-site recurrent administrative word-forms (shared admin vocabulary?), site-label-shuffle null",F9,L2/L3,"MACHINERY_UNINFORMATIVE — the 'more-than-chance' site-shuffle null is inapplicable (real data is site-concentrated, so observed is below the inflated null on both LA and LB). No certified sharing claim.",BOUNDED_NEGATIVE,heuristic,,none,True,see epochs/EPOCH-032/plan_hash.txt,2026-07-08,epochs/EPOCH-032/prereg.md; epochs/EPOCH-032/plan_hash.txt; epochs/EPOCH-032/machinery.py; epochs/EPOCH-032/result.json; reports/EPOCH032_REPORT.md
EPOCH-033,"Ledger entry-word vs non-entry-word structural contrast (length + A-rate), label-permutation null",F8,L2/L3,ENTRY_CLASS_NO_CONTRAST (primary LENGTH metric): global entry-vs-non-entry length contrast is null (p 0.21) AND the per-site direction is INCONSISTENT (flips between Haghia Triada and all other sites). Entry and non-entry words do NOT differ in length in a cross-site-robust way.,BOUNDED_NEGATIVE,heuristic,,none,True,see epochs/EPOCH-033/plan_hash.txt,2026-07-08,epochs/EPOCH-033/prereg.md; epochs/EPOCH-033/plan_hash.txt; epochs/EPOCH-033/machinery.py; epochs/EPOCH-033/result.json; reports/EPOCH033_REPORT.md
EPOCH-034,"A-initial words as inscription-initial (heading) markers, within-inscription position-permutation null",F10,L2/L3,"A_HEADING_ROLE_SITE_LOCAL (frozen rule: global significant + survives LOO BUT only 2/5 sites individually significant, <3-site bar). A-initial words are over-represented in inscription-initial (heading) position, but not certified to the full cross-site standard.",POSITIVE_RELATIVE,heuristic,,none,True,see epochs/EPOCH-034/plan_hash.txt,2026-07-08,epochs/EPOCH-034/prereg.md; epochs/EPOCH-034/plan_hash.txt; epochs/EPOCH-034/machinery.py; epochs/EPOCH-034/result.json; reports/EPOCH034_REPORT.md
EPOCH-035,"Terminal total-slot: recurring word-form in inscription-FINAL position (KU-RO-slot, tested anonymously)",F10,L2/L3,TERMINAL_TOTAL_SLOT_SITE_LOCAL: the top terminal candidate (NI) is globally over-represented in inscription-final position (p=0.017) BUT 0/2 sites individually significant and it collapses under leave-one-site-out (p 0.132). No cross-site-robust single total-slot form.,POSITIVE_RELATIVE,heuristic,,none,True,see epochs/EPOCH-035/plan_hash.txt,2026-07-08,epochs/EPOCH-035/prereg.md; epochs/EPOCH-035/plan_hash.txt; epochs/EPOCH-035/machinery.py; epochs/EPOCH-035/result.json; reports/EPOCH035_REPORT.md
EPOCH-036,"Cross-site sign-frequency concordance (shared writing-system fingerprint), label-shuffle null",F11,L2/L3,"SIGN_FREQ_CONCORDANCE_CROSS_SITE (all frozen conjuncts TRUE, orchestrator-verified): PC passed AND observed concordance 0.605 >> null ~0 (p=0) AND not driven by a single pair (all sites 0.52-0.67) AND NO low-outlier site (no sign-usage dialect).",BOUNDED_NEGATIVE,heuristic,,none,True,see epochs/EPOCH-036/plan_hash.txt,2026-07-08,epochs/EPOCH-036/prereg.md; epochs/EPOCH-036/plan_hash.txt; epochs/EPOCH-036/machinery.py; epochs/EPOCH-036/result.json; reports/EPOCH036_REPORT.md
EPOCH-037,"Line-final numeral / ledger line template (num line-final), within-line position-permutation null",F8,L2/L3,"LINE_FINAL_NUMERAL_CROSS_SITE_ROBUST (all frozen conjuncts TRUE, orchestrator-verified): PC passed AND global p_num_last 0.867 >> null 0.451 (p=0.0002) AND all 8 testable sites individually significant same direction AND survives leave-one-site-out.",BOUNDED_NEGATIVE,heuristic,,none,True,see epochs/EPOCH-037/plan_hash.txt,2026-07-08,epochs/EPOCH-037/prereg.md; epochs/EPOCH-037/plan_hash.txt; epochs/EPOCH-037/machinery.py; epochs/EPOCH-037/result.json; reports/EPOCH037_REPORT.md
EPOCH-038,Positional sign-entropy asymmetry (final-suffix concentration?) — morphology-typology probe,F12,L2/L3,"NO_POSITIONAL_ENTROPY_ASYMMETRY (for the pre-registered SUFFIX hypothesis final<initial: REJECTED, null_p=1.0). SUBSTANTIVE REVERSAL: the OPPOSITE holds — word-INITIAL entropy is significantly LOWER than word-final (initial more concentrated), global reverse p=0.0005.",BOUNDED_NEGATIVE,heuristic,,none,True,see epochs/EPOCH-038/plan_hash.txt,2026-07-08,epochs/EPOCH-038/prereg.md; epochs/EPOCH-038/plan_hash.txt; epochs/EPOCH-038/machinery.py; epochs/EPOCH-038/result.json; reports/EPOCH038_REPORT.md
EPOCH-039,Prefix paradigm vs A-only: does initial-concentration + a prefix inventory exist beyond A?,F12,L2/L3,PREFIX_PARADIGM_BEYOND_A (frozen conjuncts met: PC passed AND a-removed global p<=0.05 AND >=2 non-A signs Holm-initial-enriched AND >=2 sites a-removed-significant). See scope for the robust/fragile split.,POSITIVE_RELATIVE,heuristic,,none,True,see epochs/EPOCH-039/plan_hash.txt,2026-07-08,epochs/EPOCH-039/prereg.md; epochs/EPOCH-039/plan_hash.txt; epochs/EPOCH-039/machinery.py; epochs/EPOCH-039/result.json; epochs/EPOCH-039/_run_full.json; reports/EPOCH039_REPORT.md
EPOCH-040,"Intra-word sign repetition (reduplication vs anti-repetition), i.i.d.-unigram length-matched null",F13,L2/L3,"REPETITION_AT_CHANCE — intra-word sign repetition (0.071) is statistically indistinguishable from the i.i.d.-unigram length-matched null (0.074, p=0.74). No reduplication process and no anti-repetition constraint. Cross-site: 1/6 sites significant (HT deficit only), direction inconsistent, LOO n.s. (p 0.487).",BOUNDED_NEGATIVE,heuristic,,none,True,see epochs/EPOCH-040/plan_hash.txt,2026-07-08,epochs/EPOCH-040/prereg.md; epochs/EPOCH-040/plan_hash.txt; epochs/EPOCH-040/machinery.py; epochs/EPOCH-040/result.json; reports/EPOCH040_REPORT.md
EPOCH-041,Sign positional-role specialization (templatic vs free morphology) — UNDERPOWERED,F12,L2/L3,"MACHINERY_UNINFORMATIVE (UNDERPOWERED): the Holm-corrected per-sign positional test over the full inventory cannot resolve at 2000 draws (p-floor collides with the Holm threshold). No LA claim. SUPERSEDED BY E042 (same question, >=20000 draws).",BOUNDED_NEGATIVE,heuristic,,none,True,see epochs/EPOCH-041/plan_hash.txt,2026-07-08,epochs/EPOCH-041/prereg.md; epochs/EPOCH-041/plan_hash.txt; epochs/EPOCH-041/machinery.py; epochs/EPOCH-041/result.json; reports/EPOCH041_REPORT.md
EPOCH-042,Sign positional specialization via ANALYTIC Poisson-binomial null (powered re-test of E041),F12,L2/L3,"SPECIALIZATION_UNDERPOWERED (cross-site conjunct only): global specialization is SOLID (33%, PC passed) but only 1 site (Haghia Triada) meets the >=200-token cross-site threshold, so cross-site robustness cannot be certified at that threshold. NOT a failure of the specialization test itself.",POSITIVE_RELATIVE,heuristic,,none,True,see epochs/EPOCH-042/plan_hash.txt,2026-07-09,epochs/EPOCH-042/prereg.md; epochs/EPOCH-042/plan_hash.txt; epochs/EPOCH-042/machinery.py; epochs/EPOCH-042/result.json; reports/EPOCH042_REPORT.md
EPOCH-043,"Cross-site certification of positional specialization (feasible >=80-token threshold, replication)",F12,L2/L3,"SPECIALIZATION_CROSS_SITE_ROBUST (mechanical, frozen rule) — BUT COORDINATOR-DOWNGRADED (see below). The frozen replication criterion ('>=3 E042 signs enriched in >=2 sites') passed with A,I,TI=3, but that counted HT+1 as 'replication'.",POSITIVE_RELATIVE,heuristic,,none,True,see epochs/EPOCH-043/plan_hash.txt,2026-07-09,epochs/EPOCH-043/prereg.md; epochs/EPOCH-043/plan_hash.txt; epochs/EPOCH-043/machinery.py; epochs/EPOCH-043/result.json; reports/EPOCH043_REPORT.md
EPOCH-044,Numeral-group cardinality / compound-quantity structure (numeral-run lengths),F14,L2/L3,"SINGLE_NUMERAL_DOMINANT (token-level): every numeral-run is length 1 (1276/1276), significantly BELOW the ~18% chance rate for compound runs (null_p=0, deficit), cross-site-consistent (8/8 sites). BUT SEE SCOPE — this is a tokenization artifact, not a decipherment-level finding.",BOUNDED_NEGATIVE,heuristic,,none,True,see epochs/EPOCH-044/plan_hash.txt,2026-07-09,epochs/EPOCH-044/prereg.md; epochs/EPOCH-044/plan_hash.txt; epochs/EPOCH-044/machinery.py; epochs/EPOCH-044/result.json; reports/EPOCH044_REPORT.md
EPOCH-045,Accounting-intensity: numeral-density as a document-class discriminant (site-controlled),F14,L2/L3,"ACCOUNTING_UNDERPOWERED (cross-site conjunct): global numeral-density differs strongly by document class (Kruskal p=1e-14) AND survives within-Haghia-Triada control (p=3e-8), BUT only 1 site (HT) has >=2 support classes with >=10 inscriptions, so within-site cross-site robustness cannot be certified (>=2 sites needed).",POSITIVE_RELATIVE,heuristic,,none,True,see epochs/EPOCH-045/plan_hash.txt,2026-07-09,epochs/EPOCH-045/prereg.md; epochs/EPOCH-045/plan_hash.txt; epochs/EPOCH-045/machinery.py; epochs/EPOCH-045/result.json; reports/EPOCH045_REPORT.md
EPOCH-046,Word-length distribution shape / generative process (geometric vs templatic),F15,L2/L3,"WORD_LENGTH_INCONCLUSIVE (strict classification): LA word-length is MONOTONE-DECREASING (mode=1) so NOT templatic-peaked, but the strict geometric model is rejected (GoF p=1.8e-12, heavy tail: rare 16- & 19-sign words), so neither clean model fits => INCONCLUSIVE. Direction is clear though (see scope).",BOUNDED_NEGATIVE,heuristic,,none,True,see epochs/EPOCH-046/plan_hash.txt,2026-07-09,epochs/EPOCH-046/prereg.md; epochs/EPOCH-046/plan_hash.txt; epochs/EPOCH-046/machinery.py; epochs/EPOCH-046/result.json; reports/EPOCH046_REPORT.md
EPOCH-047,"Held-out predictability of the document token-type grammar (Markov vs unigram, site-blocked)",F16,L2/L3,"DOC_GRAMMAR_PREDICTIVE_HELDOUT (all frozen conjuncts TRUE, orchestrator-verified): PC passed AND global CV improvement 1.01 bits/token significant (perm p .005) AND site-blocked held-out improvement >0 in ALL 9/9 unseen sites.",SITE_LOCAL,heuristic,,none,True,see epochs/EPOCH-047/plan_hash.txt,2026-07-09,epochs/EPOCH-047/prereg.md; epochs/EPOCH-047/plan_hash.txt; epochs/EPOCH-047/machinery.py; epochs/EPOCH-047/result.json; reports/EPOCH047_REPORT.md
EPOCH-048,Sign-level held-out redundancy / entropy rate (is LA sign output language-like?),F16,L2/L3,"SIGN_SEQUENCE_NEAR_RANDOM (mechanical) — but COORDINATOR-REFRAMED as SPARSITY-UNDERPOWERED (see scope). A held-out first-order sign-Markov model underperforms unigram on LA, but this is because LA's SHORT WORDS (mode 1, ~0.84 bigrams/word) + LARGE VOCAB (259) make the bigram model untrainable held-out — NOT because LA sign sequences lack structure.",OTHER,heuristic,,none,True,see epochs/EPOCH-048/plan_hash.txt,2026-07-09,epochs/EPOCH-048/prereg.md; epochs/EPOCH-048/plan_hash.txt; epochs/EPOCH-048/machinery.py; epochs/EPOCH-048/result.json; reports/EPOCH048_REPORT.md
EPOCH-049,"Inscription-level sign co-occurrence (document-topic association), degree-preserving null",F17,L2/L3,"DOCUMENT_TOPIC_COOCCURRENCE_CROSS_SITE (mechanical) — COORDINATOR-DOWNGRADED. Met via >=2 sites (HT+Khania) + LOO-survives, BUT the held-out replication is 0.05, so it is NOT a shared cross-site topic system (see scope).",POSITIVE_RELATIVE,heuristic,,none,True,see epochs/EPOCH-049/plan_hash.txt,2026-07-09,epochs/EPOCH-049/prereg.md; epochs/EPOCH-049/plan_hash.txt; epochs/EPOCH-049/machinery.py; epochs/EPOCH-049/result.json; reports/EPOCH049_REPORT.md
EPOCH-050,A-prefix continuation selectivity (is A- a selectional/grammatical prefix or free?),F4,L2/L3,"A_PREFIX_SELECTIONAL_CROSS_SITE (mechanical: global H<null AND >=2 sites restricted AND LOO-survives) — with an HONEST SCOPE CAVEAT (below): A- has genuine but WEAK, GENERIC continuation restriction.",BOUNDED_NEGATIVE,heuristic,,none,True,see epochs/EPOCH-050/plan_hash.txt,2026-07-09,epochs/EPOCH-050/prereg.md; epochs/EPOCH-050/plan_hash.txt; epochs/EPOCH-050/machinery.py; epochs/EPOCH-050/result.json; reports/EPOCH050_REPORT.md
EPOCH-051,A-heading x accounting-intensity interaction (does A-heading independently mark document function?),F10,L2/L3,"A_HEADING_FUNCTION_SITE_LOCAL: A-headed documents are globally numeral-SPARSE (0.199 vs 0.307, p=0.0001) BUT the effect WEAKENS to non-significance under confound control (within-Tablet p=0.076, within-HT p=0.30), and only 1 site is testable. The A-heading does NOT independently mark accounting function beyond the document-class/site confound.",SITE_LOCAL,heuristic,,none,True,see epochs/EPOCH-051/plan_hash.txt,2026-07-09,epochs/EPOCH-051/prereg.md; epochs/EPOCH-051/plan_hash.txt; epochs/EPOCH-051/machinery.py; epochs/EPOCH-051/result.json; reports/EPOCH051_REPORT.md
EPOCH-052,Zipf/Heaps statistical signature (is LA output statistically language-like?),F18,L2/L3,"MACHINERY_UNINFORMATIVE — the Zipf/Heaps diagnostic cannot distinguish LA-as-language from random (uniform-random also produces a negative Zipf slope), so it provides ZERO discriminating evidence about whether LA is language-like. Correct fail-closed (a non-discriminating test yields no verdict).",BOUNDED_NEGATIVE,heuristic,,none,True,see epochs/EPOCH-052/plan_hash.txt,2026-07-09,epochs/EPOCH-052/prereg.md; epochs/EPOCH-052/plan_hash.txt; epochs/EPOCH-052/machinery.py; epochs/EPOCH-052/result.json; reports/EPOCH052_REPORT.md
EPOCH-053,"Ledger entry-word vocabulary restriction (is there a commodity lexicon?), size-matched TTR/entropy",F8,L2/L3,"NO_ENTRY_WORD_LEXICON_RESTRICTION: ledger entry-words (words preceding numerals = counted items) are NOT drawn from a more restricted/repetitive vocabulary than non-entry words (size-matched, permutation p=0.97, direction mixed, cross-site inconsistent). No detectable COMMODITY LEXICON at the word-form level.",POSITIVE_RELATIVE,heuristic,,none,True,see epochs/EPOCH-053/plan_hash.txt,2026-07-09,epochs/EPOCH-053/prereg.md; epochs/EPOCH-053/plan_hash.txt; epochs/EPOCH-053/machinery.py; epochs/EPOCH-053/result.json; reports/EPOCH053_REPORT.md
EPOCH-054,Benford's law on LA numeral magnitudes (are these genuine accounting quantities?),F14,L2/L3,"NUMERALS_BENFORD_DEVIANT (mechanical) — but INTERPRETED as EXPECTED for small bounded counts, NOT evidence of fabrication (see scope). Deviance is corpus-wide (DEVIANT at HT/Zakros/Khania/Phaistos; the 2 CONSISTENT sites are underpowered n~31-33).",POSITIVE_RELATIVE,heuristic,,none,True,see epochs/EPOCH-054/plan_hash.txt,2026-07-09,epochs/EPOCH-054/prereg.md; epochs/EPOCH-054/plan_hash.txt; epochs/EPOCH-054/machinery.py; epochs/EPOCH-054/result.json; reports/EPOCH054_REPORT.md
EPOCH-055,"Numeral magnitude (accounting scale) by document class, site-controlled",F14,L2/L3,SCALE_UNDERPOWERED (mechanical) — frozen-rule precedence places UNDERPOWERED ahead of NO_DIFFERENCE because the site-controlled test cannot be performed (0 testable sites); the raw global comparison is itself non-significant (p=0.866).,SITE_LOCAL,heuristic,,none,True,see epochs/EPOCH-055/plan_hash.txt,2026-07-09,epochs/EPOCH-055/prereg.md; epochs/EPOCH-055/plan_hash.txt; epochs/EPOCH-055/machinery.py; epochs/EPOCH-055/result.json; reports/EPOCH055_REPORT.md
EPOCH-056,Dual sign-class induction (is the LA script distributionally logo-syllabic?),F15,L2,"DUAL_SIGN_CLASS_CROSS_SITE_ROBUST (mechanical, all 4 frozen conditions met) — but banked with HONEST SCOPE DOWNGRADE (see scope): the GLOBAL partition is strong and real; the numeral-adjacency discrimination (p=0.044) and the CROSS-SITE replication (ARI 0.095) are both WEAK legs.",POSITIVE_RELATIVE,heuristic,,none,True,see epochs/EPOCH-056/plan_hash.txt,2026-07-09,epochs/EPOCH-056/prereg.md; epochs/EPOCH-056/plan_hash.txt; epochs/EPOCH-056/machinery.py; epochs/EPOCH-056/result.json; reports/EPOCH056_REPORT.md
EPOCH-057,The explicit divider ('div') token's structural role (lexical separator vs entry boundary),F16,L2,"DIV_LEXICAL_SEPARATOR_CROSS_SITE (mechanical, all frozen conditions met, independently verified) — a genuinely strong positive: the divider is a systematic lexical WORD-separator that AVOIDS splitting a word from its numeral.",POSITIVE_RELATIVE,heuristic,,none,True,see epochs/EPOCH-057/plan_hash.txt,2026-07-09,epochs/EPOCH-057/prereg.md; epochs/EPOCH-057/plan_hash.txt; epochs/EPOCH-057/machinery.py; epochs/EPOCH-057/result.json; reports/EPOCH057_REPORT.md
EPOCH-058,"Unsupervised document typology (is a doc-type system recoverable from structure, cross-site?)",F17,L2,"DOC_TYPOLOGY_SITE_LOCAL (mechanical, independently verified) — structural document types exist globally (silhouette 0.345, perm p=0.002) and are NOT merely the support label (support-ARI 0.39<0.5), BUT the typology does NOT transfer across sites (train-HT/apply-Khania ARI -0.10, not beyond null).",BOUNDED_NEGATIVE,heuristic,,none,True,see epochs/EPOCH-058/plan_hash.txt,2026-07-09,epochs/EPOCH-058/prereg.md; epochs/EPOCH-058/plan_hash.txt; epochs/EPOCH-058/machinery.py; epochs/EPOCH-058/result.json; reports/EPOCH058_REPORT.md
EPOCH-059,Cross-site sub-lexical sharing (shared sign-bigram inventory beyond shared signs?),F18,L2,"NO_SHARED_SUBLEXICAL_BEYOND_SIGNS (COORDINATOR-CORRECTED; supersedes GLM's SHARED_SUBLEXICAL_INVENTORY_CROSS_SITE). Under a CORRECT per-site unigram-preserving null, cross-site sign-bigram recurrence (96) is NOT above chance (null 87, p=0.09) and trigram recurrence is BELOW chance — the overlap is fully explained by the shared single-sign frequencies (E036).",BOUNDED_NEGATIVE,heuristic,,none,True,see epochs/EPOCH-059/plan_hash.txt,2026-07-09,epochs/EPOCH-059/prereg.md; epochs/EPOCH-059/plan_hash.txt; epochs/EPOCH-059/machinery.py; epochs/EPOCH-059/result.json; reports/EPOCH059_REPORT.md
EPOCH-060,"Metrological/logographic ledger entry template (logogram->num, fraction-terminal)",F19,L2,"METRO_LOGO_ENTRY_TEMPLATE_CROSS_SITE (mechanical, independently verified incl. both nulls) — a STRONG cross-site positive on a NEW channel (the corpus 'other' tokens: logograms + fraction system), significant on BOTH legs in ALL 3 testable sites.",BOUNDED_NEGATIVE,heuristic,,none,True,see epochs/EPOCH-060/plan_hash.txt,2026-07-09,epochs/EPOCH-060/prereg.md; epochs/EPOCH-060/plan_hash.txt; epochs/EPOCH-060/machinery.py; epochs/EPOCH-060/result.json; reports/EPOCH060_REPORT.md
EPOCH-061,Is the frequent standalone sign (U+1076B) a systematic line-isolated document marker?,F19,L2,"STANDALONE_MARKER_CROSS_SITE (mechanical, independently verified incl. null) — the most frequent 'other' sign U+1076B is a systematic LINE-ISOLATED document marker (occupies its own line 91% vs ~20% null), across ALL 5 testable sites, LOO-robust.",BOUNDED_NEGATIVE,heuristic,,none,True,see epochs/EPOCH-061/plan_hash.txt,2026-07-09,epochs/EPOCH-061/prereg.md; epochs/EPOCH-061/plan_hash.txt; epochs/EPOCH-061/machinery.py; epochs/EPOCH-061/result.json; reports/EPOCH061_REPORT.md
EPOCH-062,Is the standalone marker (U+1076B) document-PERIPHERAL (heading/colophon) vs interior separator?,F19,L2,"MARKER_DOCUMENT_PERIPHERAL_CROSS_SITE (mechanical, independently verified incl. reconstructed null) — the standalone marker U+1076B (E061) is systematically DOCUMENT-PERIPHERAL: it occupies the FIRST or LAST content-line 69% of the time vs 38% under the within-inscription line-shuffle null (p=0), enriched at BOTH poles (heading 0.286 vs 0.191 p=0; colophon 0.405 vs 0.191 p=0 — colophon the stronge",BOUNDED_NEGATIVE,heuristic,,none,True,see epochs/EPOCH-062/plan_hash.txt,2026-07-09,epochs/EPOCH-062/prereg.md; epochs/EPOCH-062/plan_hash.txt; epochs/EPOCH-062/machinery.py; epochs/EPOCH-062/result.json; reports/EPOCH062_REPORT.md
EPOCH-063,Is LA's standalone-marker inventory POSITION-DIFFERENTIATED? (U+1076B peripheral vs U+2014 interior),F19,L2,"MARKER_SYSTEM_POSITION_DIFFERENTIATED (mechanical, independently verified incl. all three reconstructed nulls) — Linear A's standalone line-isolated marker inventory is POSITION-DIFFERENTIATED: M1 (U+1076B) brackets document ENDS (peripheral 0.691, E062) while M2 (em-dash U+2014) marks the INTERIOR (peripheral 0.115 vs 0.298 null p_deplete<=0.002; 88.5% interior; heading rate 0.0 vs 0.148 null p_d",BOUNDED_NEGATIVE,heuristic,,none,True,see epochs/EPOCH-063/plan_hash.txt,2026-07-09,epochs/EPOCH-063/prereg.md; epochs/EPOCH-063/plan_hash.txt; epochs/EPOCH-063/machinery.py; epochs/EPOCH-063/result.json; reports/EPOCH063_REPORT.md
EPOCH-064,"Is word-INITIAL entropy concentration (prefixing typology, E027 global) CROSS-SITE ROBUST?",F20,L3,"INITIAL_CONCENTRATION_CROSS_SITE_ROBUST (mechanical, independently verified incl. reconstructed null) — Linear A's word-INITIAL sign slot is significantly MORE concentrated (lower entropy) than the word-FINAL slot, GLOBALLY (A=+0.223 bits vs ~0 null, p=0.0005) AND CROSS-SITE: 5-6/10 testable sites individually significant same-direction (A>0), survives leave-one-site-out on the dominant site (HT, ",BOUNDED_NEGATIVE,heuristic,,none,True,see epochs/EPOCH-064/plan_hash.txt,2026-07-09,epochs/EPOCH-064/prereg.md; epochs/EPOCH-064/plan_hash.txt; epochs/EPOCH-064/machinery.py; epochs/EPOCH-064/result.json; reports/EPOCH064_REPORT.md
EPOCH-065,"Is word-length a SITE REGISTER (site-local) beyond document class, or functionally invariant?",F21,L2,"WORDLEN_SITE_REGISTER (mechanical, independently verified incl. reconstructed stratified null) — CONTROLLING for document class, Linear A word-length still carries a significant residual SITE effect (stratified combined KW H=89.6, perm p=0; all 3 testable classes individually significant). Word-length is a SITE-LOCAL scribal REGISTER, not fully determined by document function.",SITE_LOCAL,field,SITE_LOCAL,none,True,see epochs/EPOCH-065/plan_hash.txt,2026-07-09,epochs/EPOCH-065/prereg.md; epochs/EPOCH-065/plan_hash.txt; epochs/EPOCH-065/machinery.py; epochs/EPOCH-065/result.json; reports/EPOCH065_REPORT.md
EPOCH-066,"Within Tablets, does numeral magnitude (accounting scale) vary by SITE — general register or one-site-driven?",F21,L2,"ACCOUNTING_SCALE_SITE_LOCAL (mechanical, independently verified incl. reconstructed null + LOO) — within the Tablet class, Linear A numeral magnitude (accounting scale) differs strongly by SITE (KW H=45.07 vs ~4 null, perm p=0.0002), and the effect is GENERAL: it survives every single-site leave-one-out drop (perm p=0.0002 each), including dropping the dominant site HT (79% of numerals; H=33.74) a",SITE_LOCAL,field,SITE_LOCAL,none,True,see epochs/EPOCH-066/plan_hash.txt,2026-07-09,epochs/EPOCH-066/prereg.md; epochs/EPOCH-066/plan_hash.txt; epochs/EPOCH-066/machinery.py; epochs/EPOCH-066/result.json; reports/EPOCH066_REPORT.md
EPOCH-067,How deep is word-initial concentration? Single prefix slot vs depth-2 (pos1 also concentrated)?,F20,L3,"CONCENTRATION_DEPTH_2 (mechanical, frozen rule met + independently verified) — Linear A word-initial concentration extends to a SECOND slot: position 1 is significantly concentrated beyond the within-word-shuffle null GLOBALLY (A1=0.233 bits, perm p=0.0005), with a monotone decaying gradient A0=0.375 > A1=0.233 > A2=0.128 (all significant) — a prefix-ZONE that decays inward from the word edge, not",POSITIVE_RELATIVE,field,SHARED_GLOBAL_PARTIAL_CROSS_SITE,none,True,see epochs/EPOCH-067/plan_hash.txt,2026-07-09,epochs/EPOCH-067/prereg.md; epochs/EPOCH-067/plan_hash.txt; epochs/EPOCH-067/machinery.py; epochs/EPOCH-067/result.json; reports/EPOCH067_REPORT.md
EPOCH-068,Is the A-prefixed vocabulary MORE cross-site-shared than frequency-matched non-A vocabulary?,F20,L3,"A_MARKED_VOCAB_MORE_SHARED (mechanical, independently verified incl. reconstructed frequency-matched null + power gate) — Linear A word-forms that begin with the A-prefix slot are cross-site-shared at 0.6875 (11/16 informative types) vs 0.3217 (46/143) for FREQUENCY-MATCHED non-A forms; D=+0.371, stratified perm p=0.0072 (power=1.0). The A-marked sub-vocabulary is significantly LESS site-local tha",POSITIVE_RELATIVE,field,SHARED_CROSS_SITE,none,True,see epochs/EPOCH-068/plan_hash.txt,2026-07-09,epochs/EPOCH-068/prereg.md; epochs/EPOCH-068/plan_hash.txt; epochs/EPOCH-068/machinery.py; epochs/EPOCH-068/result.json; reports/EPOCH068_REPORT.md
EPOCH-069,"Are entry-INITIAL words longer than entry-internal words (name-then-modifiers), cross-site, beyond the A-prefix?",F19,L2,"ENTRY_INITIAL_WORD_LONGER_CROSS_SITE (mechanical, independently verified incl. reconstructed null + A-exclusion) — Linear A ledger entries open with a LONGER word: entry-initial words average 2.55 signs vs 1.76 for entry-internal words (diff=0.79, ~11 SDs above a within-line word-order shuffle null, perm p=0.0005). The effect is CROSS-SITE (all 3 testable sites significant same direction: HT 1.11,",POSITIVE_RELATIVE,field,SHARED_CROSS_SITE,none,True,see epochs/EPOCH-069/plan_hash.txt,2026-07-09,epochs/EPOCH-069/prereg.md; epochs/EPOCH-069/plan_hash.txt; epochs/EPOCH-069/machinery.py; epochs/EPOCH-069/result.json; reports/EPOCH069_REPORT.md
EPOCH-070,What do fractions attach to (num->frac metrological vs word->frac)? Cross-site template or site-local?,F19,L2,"FRAC_ATTACHMENT_SITE_LOCAL (mechanical, independently verified incl. nulls + site contrast) — the token-class a Linear A fraction ATTACHES TO (what immediately precedes it) is a SITE convention, not a uniform cross-site metrological template. Haghia Triada attaches fractions to NUMERALS at R_num=0.479 (metrological 'N and a fraction', enriched vs null 0.163) while Khania attaches them overwhelming",SITE_LOCAL,field,SITE_LOCAL,none,True,see epochs/EPOCH-070/plan_hash.txt,2026-07-09,epochs/EPOCH-070/prereg.md; epochs/EPOCH-070/plan_hash.txt; epochs/EPOCH-070/machinery.py; epochs/EPOCH-070/result.json; reports/EPOCH070_REPORT.md
EPOCH-071,"Does the LIBATION (stone-vessel) corpus have a cross-site formula beyond frequency, unlike site-local admin vocab?",F22,L3,"LIBATION_FORMULA_SITE_LOCAL_LIKE_ADMIN (mechanical, independently verified) — at the INDIVIDUAL-WORD-FORM level, the libation (stone-vessel) corpus does NOT recur cross-site beyond word-form frequency + site-size: S_obs=20 sits BELOW its reassignment null (ratio 0.6-0.8, perm p≈1). The famous recurring forms (A-TA-I-*301-WA-JA 5 sites, SI-RU-TE 5, I-PI-NA-MA 5, JA-SA-SA-RA-ME 4, U-NA-KA-NA-SI 3) a",SITE_LOCAL,field,SITE_LOCAL,none,True,see epochs/EPOCH-071/plan_hash.txt,2026-07-09,epochs/EPOCH-071/prereg.md; epochs/EPOCH-071/plan_hash.txt; epochs/EPOCH-071/machinery.py; epochs/EPOCH-071/result.json; reports/EPOCH071_REPORT.md
EPOCH-072,"Does the LIBATION formula recur as an ORDERED sequence (shared canonical order) across sites, beyond a within-inscription order-shuffle null? (E071 successor: vocabulary was freque",F22,L3,"LIBATION_FORMULA_ORDERED_SEQUENCE_CROSS_SITE (mechanical, independently verified) — the libation (stone-vessel) word-forms appear in a PERFECTLY CONSISTENT canonical relative ORDER that is SHARED ACROSS SITES: all 13 testable form-pairs and all 10 cross-site pairs (spanning up to 4 sites) have order-consistency 1.000, decisively beyond a within-inscription word-order shuffle null (C_glob 1.0 vs 0.",POSITIVE_RELATIVE,field,CROSS_SITE,none,True,see epochs/EPOCH-072/plan_hash.txt,2026-07-09,epochs/EPOCH-072/prereg.md; epochs/EPOCH-072/plan_hash.txt; epochs/EPOCH-072/machinery.py; epochs/EPOCH-072/result.json; reports/EPOCH072_REPORT.md
EPOCH-073,"GENRE CONTRAST — is a rigid canonical within-inscription word-ORDER a general LA feature, or LIBATION-specific? (control for E072: apply the order-consistency machinery to the ADMI",F22,L3,"ADMIN_ORDER_WEAKER_THAN_LIBATION (mechanical, independently verified) — administrative (Tablet/Nodule/Roundel) texts have a WEAK-but-real within-inscription word-order preference (C_glob=0.839 vs shuffle null 0.745, perm p=0.0015; NOT bag-of-words), but it is significantly LESS rigid than the libation formula's perfectly-consistent canonical order (admin bootstrap upper 0.887 << libation 1.000, de",POSITIVE_RELATIVE,field,GENRE_GRADED,none,True,see epochs/EPOCH-073/plan_hash.txt,2026-07-09,epochs/EPOCH-073/prereg.md; epochs/EPOCH-073/plan_hash.txt; epochs/EPOCH-073/machinery.py; epochs/EPOCH-073/result.json; reports/EPOCH073_REPORT.md
EPOCH-074,"CROSS-GENRE LEXICON PARTITION vs the GENRE-SITE CONFOUND — is the striking libation/admin lexicon partition a GENRE effect, or E071's SITE-locality re-expressed? (guilty-until-prov",F22,L3,"GENRE_SITE_CONFOUNDED_UNDERDETERMINED (mechanical, independently verified) — the libation/admin lexicon partition is STRIKING globally (20 shared forms vs frequency-preserving null ~69, p_below~0, Jaccard 0.024) BUT it COLLAPSES under site control (site-stratified null 21.5 ~ observed 20, p_below_sitestrat=0.26): once each form's find-site is held fixed and only genre may vary within a site, NO re",SITE_LOCAL,field,SITE_LOCAL,none,True,see epochs/EPOCH-074/plan_hash.txt,2026-07-09,epochs/EPOCH-074/prereg.md; epochs/EPOCH-074/plan_hash.txt; epochs/EPOCH-074/machinery.py; epochs/EPOCH-074/result.json; reports/EPOCH074_REPORT.md
EPOCH-075,"HARDEN the E072 libation-order cross-site positive — does the canonical order survive leave-one-SITE-out and leave-the-HUB-inscription-out, or is its cross-site breadth concentrati",F22,L3,"LIBATION_ORDER_CROSS_SITE_QUALIFIED (mechanical, independently verified) — E072 is a REAL but NARROW cross-site positive. The canonical libation order signal is GENUINE and robust (survives EVERY leave-one-site-out incl. the hub site Iouktas at the power floor, and survives dropping the hub inscription IOZa2 alone; C_cross stays 1.0 in every powered leave-out — it NEVER collapses toward the null).",POSITIVE_RELATIVE,field,CROSS_SITE,none,True,see epochs/EPOCH-075/plan_hash.txt,2026-07-09,epochs/EPOCH-075/prereg.md; epochs/EPOCH-075/plan_hash.txt; epochs/EPOCH-075/machinery.py; epochs/EPOCH-075/result.json; reports/EPOCH075_REPORT.md
EPOCH-076,FIRST SPATIAL epoch (new modality: SigLA per-glyph bounding boxes) — is normalized glyph SIZE a shared cross-site graphic convention (like the E036 frequency fingerprint) or site-l,F23_SPATIAL,L2,"GLYPH_SIZE_SHARED_CROSS_SITE (mechanical, independently verified) — a sign's normalized glyph SIZE (within-document z-scored log bbox-area) is a SHARED cross-site graphic property: all 5 testable site-pairs among the 5 big sites show large positive correlation of per-sign size profiles (r 0.70-0.85, median 0.79; perm_p ≤ 0.0016 vs a sign-label-shuffle null over 5000 draws). Glyph size follows the ",POSITIVE_RELATIVE,field,CROSS_SITE,none,True,see epochs/EPOCH-076/plan_hash.txt,2026-07-09,epochs/EPOCH-076/prereg.md; epochs/EPOCH-076/plan_hash.txt; epochs/EPOCH-076/machinery.py; epochs/EPOCH-076/result.json; reports/EPOCH076_REPORT.md
EPOCH-077,"SPATIAL — does glyph SIZE carry POSITIONAL information (document-initial prominence / heading marker), or is it purely a per-sign property? (successor to E076)",F23_SPATIAL,L2,"SPATIAL_SIZE_POSITION_SITE_LOCAL (mechanical, independently verified) — glyph SIZE does NOT mark document-initial prominence CROSS-SITE: global D_init=-0.057 (initial glyph slightly SMALLER, not larger), one-sided initial-larger p=0.814 (not significant). Only 1 of 5 sites (Haghia Triada, D_init=+0.148, p=0.048 borderline) trends initial-larger; the other four trend initial-smaller. The positional",SITE_LOCAL,field,SITE_LOCAL,none,True,see epochs/EPOCH-077/plan_hash.txt,2026-07-09,epochs/EPOCH-077/prereg.md; epochs/EPOCH-077/plan_hash.txt; epochs/EPOCH-077/machinery.py; epochs/EPOCH-077/result.json; reports/EPOCH077_REPORT.md
EPOCH-078,"SPATIAL — glyph-size ECONOMY OF EFFORT: are frequent signs drawn SMALLER (a spatial Zipf's-law-of-abbreviation analog), controlling for sign class, cross-site?",F23_SPATIAL,L2,"GLYPH_SIZE_FREQUENCY_ECONOMY_CROSS_SITE (mechanical, independently verified) — more FREQUENT signs are drawn systematically SMALLER: r_all=-0.351 over 89 signs (frequency-shuffle perm p=0.0004), a spatial ECONOMY-OF-EFFORT / Zipf's-law-of-abbreviation analog in the glyph modality. It SURVIVES the sign-class control (within the homogeneous AB syllabary r_AB=-0.317, perm p=0.005; within class A r_A=",POSITIVE_RELATIVE,field,CROSS_SITE,none,True,see epochs/EPOCH-078/plan_hash.txt,2026-07-09,epochs/EPOCH-078/prereg.md; epochs/EPOCH-078/plan_hash.txt; epochs/EPOCH-078/machinery.py; epochs/EPOCH-078/result.json; reports/EPOCH078_REPORT.md
EPOCH-079,"SPATIAL — inter-glyph SPACING regularity: is within-line horizontal spacing a deliberate ruled/monospaced-like layout (pitch more uniform than a random gap-allocation), cross-site?",F23_SPATIAL,L2,"SPACING_REGULAR_CROSS_SITE (mechanical, independently verified) — inter-glyph horizontal spacing within a line is REGULAR (ruled / monospaced-like), far beyond a random gap-allocation null: global median doc pitch-CV = 0.329 over 246 docs vs random-composition null-median 0.743 (perm p=0.0 over 2000 draws; ratio 0.44). Observed center-to-center pitches are roughly half as variable as a random allo",POSITIVE_RELATIVE,field,CROSS_SITE,none,True,see epochs/EPOCH-079/plan_hash.txt,2026-07-09,epochs/EPOCH-079/prereg.md; epochs/EPOCH-079/plan_hash.txt; epochs/EPOCH-079/machinery.py; epochs/EPOCH-079/result.json; reports/EPOCH079_REPORT.md
EPOCH-080,"SPATIAL — VERTICAL line spacing regularity: is row-to-row pitch a deliberate ruled/regular layout (ruled horizontal lines / page grid), beyond a clustering-conditional random row-a",F23_SPATIAL,L2,"LINE_SPACING_REGULAR_CROSS_SITE (mechanical rule; coordinator-adjudicated null; independently verified) — vertical row-to-row spacing (line pitch) is a deliberate ruled/regular layout, far more uniform than a clustering-conditional random row-allocation null: global median doc line-pitch-CV = 0.118 over 197 docs vs conditional null-median 0.354 (perm p=0.0 over 2000 draws; conservative ratio 0.33;",POSITIVE_RELATIVE,field,CROSS_SITE,none,True,see epochs/EPOCH-080/plan_hash.txt,2026-07-09,epochs/EPOCH-080/prereg.md; epochs/EPOCH-080/plan_hash.txt; epochs/EPOCH-080/machinery.py; epochs/EPOCH-080/result.json; epochs/EPOCH-080/COORDINATOR_NOTE.md; reports/EPOCH080_REPORT.md
EPOCH-081,"SPATIAL — LEFT-MARGIN anchoring: are rows left-justified (left edge aligned, right edge ragged), beyond an edge-exchangeability swap null, cross-site? (third 2D-layout axis: ANCHOR",F23_SPATIAL,L2,"LEFT_MARGIN_ANCHORED_SITE_LOCAL (mechanical, independently verified) — rows are LEFT-ANCHORED (left edge aligned, right edge ragged = left-justified layout) GLOBALLY (S_obs=+0.459, edge-swap null ~ -0.026, perm p=2e-4; median normalized left-edge spread 0.66 vs right-edge spread 1.25; 65.5% of docs left-tighter-than-right), but the effect is SITE-LOCAL to Haghia Triada: HT strongly left-anchored (",SITE_LOCAL,field,SITE_LOCAL,none,True,see epochs/EPOCH-081/plan_hash.txt,2026-07-09,epochs/EPOCH-081/prereg.md; epochs/EPOCH-081/plan_hash.txt; epochs/EPOCH-081/machinery.py; epochs/EPOCH-081/result.json; reports/EPOCH081_REPORT.md
EPOCH-082,"HARDENING — is the 2D-ruled-grid (E079 h-spacing + E080 v-line-spacing) ROBUST to the row-detection method, or an artifact of the shared 0.6x-median-glyph-height clustering thresho",F23_SPATIAL,L2,"MACHINERY_UNINFORMATIVE (mechanical, coordinator-confirmed) — the epoch does NOT certify the 2D-grid's robustness because its own false-positive positive-control cannot be calibrated: the pitch-CV metric conflates ruled-grid spacing with fixed-glyph-width regularization, so glyph-level random layouts are flagged as regular (FP 0.20 worker / up to 1.00 coordinator). The RAW threshold-sweep is nonet",BOUNDED_NEGATIVE,field,NO_INFERENCE,none,True,see epochs/EPOCH-082/plan_hash.txt,2026-07-09,epochs/EPOCH-082/prereg.md; epochs/EPOCH-082/plan_hash.txt; epochs/EPOCH-082/machinery.py; epochs/EPOCH-082/result.json; epochs/EPOCH-082/run_output.json; epochs/EPOCH-082/COORDINATOR_NOTE.md
EPOCH-083,Is E079's horizontal pitch-regularity DELIBERATE even spacing or a glyph-WIDTH artifact? (width-preserving random-gap null; QUALIFIES E079). Successor of the E082 hardening caveat.,F23_SPATIAL,L2,"HORIZONTAL_REGULARITY_WIDTH_DRIVEN (mechanical, PC-passed, coordinator-verified) — E079's horizontal center-to-center pitch-regularity is driven by uniform glyph WIDTH (E076), NOT by deliberate even GAP spacing. Against a WIDTH-PRESERVING random-gap null (keep each glyph's actual width + row span, randomize only the gaps), the observed pitch-CV is NOT below the null (global 0.338 vs 0.271, perm_p=",QUALIFICATION,field,QUALIFICATION,none,True,see epochs/EPOCH-083/plan_hash.txt,2026-07-09,epochs/EPOCH-083/prereg.md; epochs/EPOCH-083/plan_hash.txt; epochs/EPOCH-083/machinery.py; epochs/EPOCH-083/result.json; epochs/EPOCH-083/run_output.json; epochs/EPOCH-083/COORDINATOR_NOTE.md; reports/EPOCH083_REPORT.md
EPOCH-084,Is E080's VERTICAL line-spacing regularity DELIBERATE or a line-HEIGHT artifact? (height-preserving random-gap null; CONFIRMS/hardens E080). Symmetric partner of E083.,F23_SPATIAL,L2,"LINE_SPACING_DELIBERATE_CROSS_SITE (mechanical, PC-passed, coordinator-verified) — E080's vertical line-spacing regularity is DELIBERATE, not a row-height artifact. Against a HEIGHT-PRESERVING random-gap null (keep each row's height + column span, randomize only the inter-line gaps), the observed line-pitch-CV is significantly BELOW the null (global 0.111 vs 0.161, perm_p=0.002, ratio 0.69), signi",POSITIVE_RELATIVE,field,CROSS_SITE,none,True,see epochs/EPOCH-084/plan_hash.txt,2026-07-09,epochs/EPOCH-084/prereg.md; epochs/EPOCH-084/plan_hash.txt; epochs/EPOCH-084/machinery.py; epochs/EPOCH-084/result.json; epochs/EPOCH-084/run_output.json; epochs/EPOCH-084/COORDINATOR_NOTE.md; reports/EPOCH084_REPORT.md
EPOCH-085,Do scribes mark the document HEADING (top spatial row) with LARGER glyphs than the body — a size-based visual hierarchy — and is it cross-site or a site register? DISTINCT axis: gl,F23_SPATIAL,L2,"HEADING_SIZE_HIERARCHY_SITE_LOCAL (mechanical, PC-passed, coordinator-verified) — a heading-size hierarchy (top/first spatial row drawn with LARGER glyphs than the body) is a HAGHIA TRIADA register, NOT a cross-site Linear A convention. Per-doc log area-ratio R = log(median first-row glyph AREA / median rest AREA); global median S_obs=+0.048 is NOT significant vs a random-row-as-heading null (perm",SITE_LOCAL,field,SITE_LOCAL,none,True,see epochs/EPOCH-085/plan_hash.txt,2026-07-09,epochs/EPOCH-085/prereg.md; epochs/EPOCH-085/plan_hash.txt; epochs/EPOCH-085/machinery.py; epochs/EPOCH-085/result.json; epochs/EPOCH-085/run_output.json; reports/EPOCH085_REPORT.md
EPOCH-086,"Does the TOP (first) spatial row carry MORE glyphs than lower rows (a full/header line), cross-site or site-local — and is it WIDTH/geometry-driven or a deliberately PACKED header?",F23_SPATIAL,L2,"HEADER_ROW_LONGER_SITE_LOCAL (mechanical, PC-passed, coordinator-verified) — the TOP (first) spatial row carries MORE glyphs than lower rows (a longer 'header line'), but this is a HAGHIA TRIADA register, NOT a cross-site convention, AND it is WIDTH/geometry-driven (a full-width top line), NOT a deliberately packed header. Per-doc log COUNT-ratio R = log(count(first row)/mean count(rest)); global ",SITE_LOCAL,field,SITE_LOCAL,none,True,see epochs/EPOCH-086/plan_hash.txt,2026-07-09,epochs/EPOCH-086/prereg.md; epochs/EPOCH-086/plan_hash.txt; epochs/EPOCH-086/machinery.py; epochs/EPOCH-086/result.json; epochs/EPOCH-086/run_output.json; reports/EPOCH086_REPORT.md
EPOCH-087,"Do HT's three document-layout registers (justification E081, heading-size E085, header-length E086) CO-OCCUR in the same docs (a coherent formal-layout TEMPLATE) or are they statis",F23_SPATIAL,L2,"LAYOUT_REGISTERS_DEPENDENT_HT (mechanical, PC-passed, coordinator-verified) — Haghia Triada's three document-layout registers (left-justification E081, heading-size E085, header-length E086) are statistically DEPENDENT (jointly NON-independent), BUT via a MIXED-sign structure, NOT a coherent all-positive 'formal template'. Coherence C = mean|pairwise Spearman| = 0.160 exceeds a per-column-independ",SITE_LOCAL,field,SITE_LOCAL,none,True,see epochs/EPOCH-087/plan_hash.txt,2026-07-09,epochs/EPOCH-087/prereg.md; epochs/EPOCH-087/plan_hash.txt; epochs/EPOCH-087/machinery.py; epochs/EPOCH-087/result.json; reports/EPOCH087_REPORT.md
EPOCH-088,Is E087's heading-size<->header-length TRADEOFF a fixed first-row INK BUDGET (total header glyph-area ~ constant) or a soft tendency? Mechanism test on the HT header row.,F23_SPATIAL,L2,"HEADER_INK_NOT_BUDGETED (mechanical, PC-passed, coordinator-verified) — E087's heading-size <-> header-length tradeoff (Spearman -0.189) is a SOFT design tendency, NOT the byproduct of a fixed first-row INK BUDGET. The CV of first-row total ink (sum of glyph areas) across 140 HT docs is 0.639, only marginally below the independence null (random median-area * random count) median 0.714 (ratio 0.896",BOUNDED_NEGATIVE,field,BOUNDED_NEGATIVE,none,True,see epochs/EPOCH-088/plan_hash.txt,2026-07-09,epochs/EPOCH-088/prereg.md; epochs/EPOCH-088/plan_hash.txt; epochs/EPOCH-088/machinery.py; epochs/EPOCH-088/result.json; reports/EPOCH088_REPORT.md
EPOCH-089,"Is the header row's horizontal WRITING WIDTH (x-extent) constrained to a roughly fixed width, explaining E087's size<->count tradeoff (after E088 rejected a fixed INK budget)? Mech",F23_SPATIAL,L2,"HEADER_WIDTH_CONSTRAINED (mechanical, PC-passed, coordinator-verified) — the header (first) row's horizontal WRITING EXTENT is significantly MORE constant than random glyph assembly, i.e. it fits a roughly fixed writing WIDTH; this is the likely mechanism for E087's heading-size <-> header-length tradeoff (which E088 showed is NOT a fixed ink/area budget). The CV of first-row x-extent (max glyph r",SITE_LOCAL,field,SITE_LOCAL,none,True,see epochs/EPOCH-089/plan_hash.txt,2026-07-09,epochs/EPOCH-089/prereg.md; epochs/EPOCH-089/plan_hash.txt; epochs/EPOCH-089/machinery.py; epochs/EPOCH-089/result.json; reports/EPOCH089_REPORT.md
EPOCH-090,Is E089's header WIDTH-constraint HEADER-SPECIFIC or a DOC-WIDE property (all rows fit a bounded writing width)? Confound-check qualifying E089.,F23_SPATIAL,L2,"WIDTH_CONSTRAINT_DOC_WIDE (mechanical verdict; PC adjudicated -> conclusion banked on coordinator reconstruction, Art. XVII) -- E089's header width-constraint is NOT header-specific; it is a DOC-WIDE property. Header rows and body rows are equally width-constrained: ratio_header (extent-CV / assembly-null) = 0.747, ratio_body = 0.755-0.757 -- both ~25% more width-regular than random glyph assembly",QUALIFICATION,field,QUALIFICATION,none,True,see epochs/EPOCH-090/plan_hash.txt,2026-07-09,epochs/EPOCH-090/prereg.md; epochs/EPOCH-090/plan_hash.txt; epochs/EPOCH-090/machinery.py; epochs/EPOCH-090/result.json; epochs/EPOCH-090/COORDINATOR_NOTE.md; reports/EPOCH090_REPORT.md
EPOCH-091,"Blinded Linear B Turing reaction-diffusion calibration: does graph RD (Schnakenberg/GM, mechanically-verified Turing instability) recover vowel/consonant/role classes from blinded ",F11_TURING_MORPHOGENESIS,L2,TURING_LINEAR_B_RECOVERY_NULL (mechanical) -- a graph reaction-diffusion (Turing) system on blinded Linear B sign graphs does NOT recover phonetic class structure via its diffusion-driven instability above negative controls. Turing conditions verified on Schnakenberg + Gierer-Meinhardt across all 4 graph views; PC fires 5/5. But: best blinded-LB role recovery (FORMULA/GM macro-F1 0.765) is MATCHED,BOUNDED_NEGATIVE,field,BOUNDED_NEGATIVE,none,False,a0a843961c89f3eed3714ed4413a715543ca5fc929a5e8776af98b1685ecc71e,2026-07-09,epochs/EPOCH-091/prereg.md; epochs/EPOCH-091/plan_hash.txt; epochs/EPOCH-091/rd.py; epochs/EPOCH-091/graphs.py; epochs/EPOCH-091/evaluate.py; epochs/EPOCH-091/e091_calibration.py; epochs/EPOCH-091/result.json; epochs/EPOCH-091/COORDINATOR_NOTE.md; morphogenesis/PREREGISTRATION.md
EPOCH-092,Turing-specificity: is any blinded-LB class recovery due to diffusion-driven morphogenesis vs generic graph clustering (spectral/eigenmap-kmeans/eigenmap-GMM/Louvain/linear-diffusi,F11_TURING_MORPHOGENESIS,L2,GENERIC_GRAPH_CLUSTERING (TURING_NOT_NEEDED) (mechanical) -- graph reaction-diffusion (Turing) morphogenesis is NOT specifically required on blinded Linear B: a generic graph-clustering baseline matches or beats Turing on EVERY channel. role: linear-diffusion 0.798 > Turing 0.675 (eigenmap-kmeans 0.636 ~ Turing); vowel: Louvain 0.491 and eigenmap-kmeans 0.490 > Turing 0.453; consonant: linear-diff,BOUNDED_NEGATIVE,field,BOUNDED_NEGATIVE,none,False,16b9f7b4b2007ac2f59f8f05400b50e8fbde95ad3ac49884f4b0ded4550becfd,2026-07-09,epochs/EPOCH-092/prereg.md; epochs/EPOCH-092/plan_hash.txt; epochs/EPOCH-092/e092_specificity.py; epochs/EPOCH-092/rd.py; epochs/EPOCH-092/graphs.py; epochs/EPOCH-092/evaluate.py; epochs/EPOCH-092/result.json; reports/EPOCH092_REPORT.md
EPOCH-093,LB->LA degradation surface: 108-cell (token_budget x min_count x seed) factorial degrading LB toward LA data scale; is LA above/below the detection threshold for the generic-best g,F11_TURING_MORPHOGENESIS,L2,"LINEAR_A_ABOVE_THRESHOLD (mechanical) -- at Linear A's data scale (~4245 tokens, nearest cell 4000) the generic-best graph method's blinded-LB vowel-class recovery beats BOTH its permutation floor AND a frequency-only baseline (and a degree-only baseline) in 100% of subsamples, with a margin over frequency (+0.13) that is STABLE across the full 2000->43868-token range. So LA's DATA VOLUME is suffi",QUALIFICATION,field,QUALIFICATION,none,True,7114e97fb49b2ac21d2e459f428232e5cb82a2c48c35dd2e5ba27ebcb7e5bd8e,2026-07-09,epochs/EPOCH-093/prereg.md; epochs/EPOCH-093/plan_hash.txt; epochs/EPOCH-093/e093_degradation.py; epochs/EPOCH-093/graphs.py; epochs/EPOCH-093/evaluate.py; epochs/EPOCH-093/result.json; reports/EPOCH093_REPORT.md
EPOCH-094,"Sequence/segmentation morphogenesis: does an RD activator-domain boundary cue recover blinded-LB word boundaries vs transition-surprisal / branching-entropy / random, held-out?",F11_TURING_MORPHOGENESIS,L2,"SEGMENTATION_MORPHOGENESIS_NULL (mechanical) -- an RD/morphogenesis boundary cue (activator-domain differences |u(a)-u(b)| over the G_POSITION sign-type graph) carries NO word-boundary signal on blinded LB: morphogenesis boundary-F1 0.310 ~ random 0.304, while a generic transition-surprisal cue recovers boundaries well (0.650) and branching entropy partially (0.369). The result is architectural: a",BOUNDED_NEGATIVE,field,BOUNDED_NEGATIVE,none,False,d6618319780925724af1bed6cf70e9819e8b52d6a7b69a2b8345e22c45c4b963,2026-07-09,epochs/EPOCH-094/prereg.md; epochs/EPOCH-094/plan_hash.txt; epochs/EPOCH-094/e094_segmentation.py; epochs/EPOCH-094/rd.py; epochs/EPOCH-094/graphs.py; epochs/EPOCH-094/result.json; reports/EPOCH094_REPORT.md
EPOCH-095,"Geographic/scribal morphogenesis: does an RD document-community process recover LA site structure vs spectral/Louvain/length-confound/random, balanced across sites?",F11_TURING_MORPHOGENESIS,L2,"GEOGRAPHIC_MORPHOGENESIS_NULL (mechanical) -- morphogenesis does not recover LA site/regional structure from blinded document sign-content beyond the confound floor (morphogenesis ARI 0.019 vs length-only 0.059, random 0.000). BROADER FINDING: once site imbalance is controlled (balanced to 80 docs/site), NO method recovers site communities from document sign-content -- spectral 0.011, Louvain 0.04",BOUNDED_NEGATIVE,field,BOUNDED_NEGATIVE,none,True,d04b895422a278bcec2a6196df7347d914b067bd8509a85074a2d0a95a1b7d29,2026-07-09,epochs/EPOCH-095/prereg.md; epochs/EPOCH-095/plan_hash.txt; epochs/EPOCH-095/e095_geographic.py; epochs/EPOCH-095/rd.py; epochs/EPOCH-095/evaluate.py; epochs/EPOCH-095/result.json; reports/EPOCH095_REPORT.md
EPOCH-096,Frozen Linear A application: only families/params that passed E091 calibration + E092 specificity gate; anonymous classes / segmentation / regional classes at L2/L3; held-out LOSO/,F11_TURING_MORPHOGENESIS,,2026-07-09,OTHER,heuristic,,,,,,
EPOCH-097,Error-correcting-code + belief-propagation decoding: masked-sign reconstruction via BP over a sign factor graph (bidirectional + skip-2 redundancy) vs unigram/local/random; blinded,F12_CROSS_DISCIPLINARY,L2,"ECC_BP_SUPPORTED on the LB CALIBRATION, but LA_TRANSFER_NEGATIVE (the LA objective is a NULL) -- headline is the transfer failure (Art. XV / brief S15: LB success is not LA evidence). On blinded LB, BP message-passing clearly beats local context and unigram (bp_loopy 0.307 / bp_bidir 0.279 vs best-local 0.158 vs unigram 0.044 vs random 0.003), and the advantage survives degrading LB to LA token sc",BOUNDED_NEGATIVE,field,BOUNDED_NEGATIVE,none,True,a6217b483f644221a003815d3b2cf4e7a0f8b969e1313edc052801ce88203809,2026-07-09,epochs/EPOCH-097/prereg.md; epochs/EPOCH-097/plan_hash.txt; epochs/EPOCH-097/e097_ecc_bp.py; epochs/EPOCH-097/result.json; reports/EPOCH097_REPORT.md
EPOCH-098,"Spin-glass / Potts energy-landscape identifiability: signed-coupling Potts over sign classes, simulated annealing, ground-state degeneracy + anchor-injection phase-transition sweep",F12_CROSS_DISCIPLINARY,L2,"POTTS_NULL (mechanical) -- the context-similarity Potts energy landscape does NOT make the linguistic (vowel) class system identifiable, and anchor injection produces NO identifiability transition. On blinded LB the landscape has a NEAR-UNIQUE minimum (inter-run overlap 0.997, using all 5/5 states -- NOT a trivial single-cluster collapse) but that minimum is ORTHOGONAL to vowel classes: free-spin ",BOUNDED_NEGATIVE,field,BOUNDED_NEGATIVE,none,True,217d1217af299cc6e9fbc41e25e0e3b790b11fe23be65eba6f1da3da762da15f,2026-07-09,epochs/EPOCH-098/prereg.md; epochs/EPOCH-098/plan_hash.txt; epochs/EPOCH-098/e098_potts.py; epochs/EPOCH-098/result.json; reports/POTTS_SPIN_GLASS_IDENTIFIABILITY.md
EPOCH-099,Causal source separation + confound disentanglement: ICA/NMF/PCA source separation + leave-one-frequency-band-out + deconfounding invariance test on the blinded-LB vowel signal vs ,F12_CROSS_DISCIPLINARY,L2,"CAUSAL_INVARIANT_STRUCTURE_SUPPORTED on blinded LINEAR B (LB-calibration positive; NOT an LA claim). The weak vowel-class signal survives BOTH nuisance interventions: leave-one-frequency-band-out F1 0.437 (> within-band 0.388, >> chance 0.200 -- vowel is predictable even for signs whose FREQUENCY band was never in training) AND deconfounded (frequency-residualized) LOFO F1 0.467. A frequency compo",QUALIFICATION,field,QUALIFICATION,none,True,71c147b73a5daed8aaf2ef9104ccf3c2e182d58ea926ba6a20264377060b155e,2026-07-09,epochs/EPOCH-099/prereg.md; epochs/EPOCH-099/plan_hash.txt; epochs/EPOCH-099/e099_causal.py; epochs/EPOCH-099/result.json; reports/CAUSAL_SOURCE_SEPARATION.md
EPOCH-100,Topological data analysis: H0 persistence (persistent connected components) over the sign context-distance filtration; do persistent communities align with linguistic classes vs me,F12_CROSS_DISCIPLINARY,L2,"PERSISTENT_STRUCTURE_GENERIC (mechanical) -- persistent H0 communities EXIST and are inventory-stable (LA persistent-partition stability across min_count 2 vs 3 inventories ARI 0.729) but do NOT align with linguistic classes on blinded LB: best persistent-partition vowel ARI -0.002 (~0, BELOW the metric-permutation null p95 0.023 AND the frequency-matched null p95 0.024), consonant best ARI 0.019.",BOUNDED_NEGATIVE,field,BOUNDED_NEGATIVE,none,True,ba2f9021b0a1f36fdea488a40cc04f7dd15ae721c365623f2f60df63cd65e41e,2026-07-09,epochs/EPOCH-100/prereg.md; epochs/EPOCH-100/plan_hash.txt; epochs/EPOCH-100/e100_tda.py; epochs/EPOCH-100/result.json; reports/TOPOLOGICAL_PERSISTENCE.md
EPOCH-101,"Global network-flow constrained decipherment benchmark: capacity-Hungarian global assignment vs local-NN/random; Stage-A known-target blinded LB, Stage-B target-free LA; does globa",F12_CROSS_DISCIPLINARY,L2,"GLOBAL_ASSIGNMENT_SELECTS_ARBITRARY_REPRESENTATIVE (mechanical) -- global optimization does NOT reduce LA ambiguity beyond the anchor-lattice null. Stage A (blinded LB, KNOWN target): global assignment barely beats local nearest-neighbor (global 0.485 vs local 0.466, +0.019 -- BELOW the +0.11 margin the PC shows global achieves when it genuinely helps; random 0.167), i.e. even WITH a target the gl",BOUNDED_NEGATIVE,field,BOUNDED_NEGATIVE,none,True,6103a3682489f4be638dfa59e879a00558c30adc9dababa8c99ee32ece92d7a2,2026-07-09,epochs/EPOCH-101/prereg.md; epochs/EPOCH-101/plan_hash.txt; epochs/EPOCH-101/e101_networkflow.py; epochs/EPOCH-101/result.json; reports/GLOBAL_NETWORK_FLOW.md
EPOCH-102,Cross-method synthesis + frozen LA application: dependency-adjusted independence audit of the vowel-class relation across method families + absolute-value gate; frozen LA relative-,F12_CROSS_DISCIPLINARY,L2,"SYNTHESIS_NO_INDEPENDENT_CHANNELS (mechanical) -- the honest terminal state of the cross-disciplinary batch. The ONLY above-null structure (vowel-class co-occurrence communities; best ARI 0.176) rests on a SINGLE independent channel (context co-occurrence): eigenmap + ICA + morphogenesis (E091) + Potts (E098) + persistence (E100) ALL share that one lineage (eigenmap|ica agreement 0.979), so under ",BOUNDED_NEGATIVE,field,BOUNDED_NEGATIVE,none,True,203d26982a0b3764847b8a459edeb7c1d3bff0e6f4c5d4870d4a85c863c534df,2026-07-09,epochs/EPOCH-102/prereg.md; epochs/EPOCH-102/plan_hash.txt; epochs/EPOCH-102/e102_synthesis.py; epochs/EPOCH-102/result.json; reports/CROSS_METHOD_SYNTHESIS.md
EPOCH-103,A- prefixation strong-lead adjudication: segmentation/inventory robustness (>=2 schemes) + best-of-universe maxT + LOMO + matched adaptive null for the campaign's strongest LA posi,F4,L2,"REPLICATED_RELATIVE_CONSTRAINT -- A- is the TOP best-of-universe maxT survivor at family-adjusted p<=.01 under ALL 3/3 independent segmentation schemes, including the harder function-restricted numeral-anchored ledger-head scheme (n=467, A-initial=28, A z=7.49 still rank-1). PC power+calibration clean; conclusion invariant to leave-one-method-out (E022/E023/E024 each independently p<.01). A- gradu",POSITIVE_RELATIVE,field,LA_POSITIVE,none,True,1f8c82a3bdfa74b47d490d3b99c1fb8228c4514316bb52281096bcc04dae9747,2026-07-09,epochs/EPOCH-103/prereg.md; epochs/EPOCH-103/plan_hash.txt; epochs/EPOCH-103/machinery.py; epochs/EPOCH-103/result.json
EPOCH-104,Campaign-wide adaptive null: run the actual E103 graduation machinery end-to-end on structure-matched signal-free nulls; measure false-graduated-finding rate + maxT-ablation + plan,campaign_wide,NA,CAMPAIGN_NULL_GATES_LOAD_BEARING -- the campaign's discipline machinery does NOT fabricate graduated findings on signal-free data: full-machinery false-graduation 0.5% (CP95 upper 2.35%) vs 30.5% when the correlation-aware best-of-universe maxT deflation is ablated. The maxT deflation is the load-bearing gate (60x false-positive suppression); multi-scheme replication retains full power (40/40). Th,METHODOLOGY,field,METHODOLOGY_VALIDATION,none,True,a06fe20ab706fc5be9653a4003fa3de11a8be1959d1454e67678bb303be4f474,2026-07-09,epochs/EPOCH-104/prereg.md; epochs/EPOCH-104/plan_hash.txt; epochs/EPOCH-104/machinery.py; epochs/EPOCH-104/result.json
EPOCH-105,"Cross-epoch dependency-aware synthesis + campaign closure: generate the master epoch table, reconciliation table, and all machine-readable closure JSON from the append-only ledger ",campaign_wide,NA,"CLOSURE_SYNTHESIS_COMPLETE -- the campaign is scientifically closeable: all epochs terminal, one graduated RELATIVE finding (A- prefixation, E103), one adjudicated strong lead (same), the discipline machinery certified load-bearing (E104), the single prospective seal frozen (E004 FRACTION_ORDER_ANETAKI_SEAL). Dependency-adjusted independent-channel count for the durable structure = 1 (context co-o",METHODOLOGY,field,METHODOLOGY_VALIDATION,none,True,46234581f3bb6564c2fbab534f9ada71e5d2477928ebb41e23812a57642c5313,2026-07-09,epochs/EPOCH-105/prereg.md; epochs/EPOCH-105/plan_hash.txt; epochs/EPOCH-105/machinery.py; final/CAMPAIGN_FINAL_STATE.json; final/EPOCHS_001_TO_FINAL_MASTER_TABLE.csv
