sign_id,ab_number,la_attestations,damos_attestations,cog_attestations,conventional_value,value_source,homomorphy_grade,cypriot_stable,value_space,maskable,robust_anchor,source_status,citations,disagreement_notes
A,B008,195,1423,145,a,litindex:lb_value_transfer,pending_primary,pending_primary,unicode_lb_syllabary_74,True,True,secondary,"GORILA (Godart & Olivier 1976-1985); LB values after Ventris 1953 [litindex.py lb_value_transfer seed] || homomorphy: Salgarella 2020, Aegean Linear Script(s) (CUP) — ABSENT from repo (paywalled, operator-supplies; docs/related/_acquisition.md) || cypriot: Steele & Meissner 2017, 'Linear A and Linear B: structural and contextual concerns', in Understanding Relations Between Scripts (Oxbow), 93-110 — ABSENT from repo (all-rights-reserved, not acquired; docs/related/_acquisition.md)",
AU,B085,8,44,3,au,data.py bridge convention,pending_primary,pending_primary,unicode_lb_syllabary_74,True,True,secondary,"scripts/cross_script/data.py bridge: GORILA romanization == Unicode LB syllable value (Unicode chart cross-check); NOT in the litindex seed — needs citation before graduating to seed status || homomorphy: Salgarella 2020, Aegean Linear Script(s) (CUP) — ABSENT from repo (paywalled, operator-supplies; docs/related/_acquisition.md) || cypriot: Steele & Meissner 2017, 'Linear A and Linear B: structural and contextual concerns', in Understanding Relations Between Scripts (Oxbow), 93-110 — ABSENT from repo (all-rights-reserved, not acquired; docs/related/_acquisition.md)",
DA,B001,134,699,45,da,litindex:lb_value_transfer,pending_primary,pending_primary,unicode_lb_syllabary_74,True,True,secondary,"GORILA (Godart & Olivier 1976-1985); LB values after Ventris 1953 [litindex.py lb_value_transfer seed] || homomorphy: Salgarella 2020, Aegean Linear Script(s) (CUP) — ABSENT from repo (paywalled, operator-supplies; docs/related/_acquisition.md) || cypriot: Steele & Meissner 2017, 'Linear A and Linear B: structural and contextual concerns', in Understanding Relations Between Scripts (Oxbow), 93-110 — ABSENT from repo (all-rights-reserved, not acquired; docs/related/_acquisition.md)",
DE,B045,35,569,43,de,litindex:lb_value_transfer,pending_primary,pending_primary,unicode_lb_syllabary_74,True,True,secondary,"GORILA (Godart & Olivier 1976-1985); LB values after Ventris 1953 [litindex.py lb_value_transfer seed] || homomorphy: Salgarella 2020, Aegean Linear Script(s) (CUP) — ABSENT from repo (paywalled, operator-supplies; docs/related/_acquisition.md) || cypriot: Steele & Meissner 2017, 'Linear A and Linear B: structural and contextual concerns', in Understanding Relations Between Scripts (Oxbow), 93-110 — ABSENT from repo (all-rights-reserved, not acquired; docs/related/_acquisition.md)",
DI,B007,109,255,35,di,litindex:lb_value_transfer,pending_primary,pending_primary,unicode_lb_syllabary_74,True,True,secondary,"GORILA (Godart & Olivier 1976-1985); LB values after Ventris 1953 [litindex.py lb_value_transfer seed] || homomorphy: Salgarella 2020, Aegean Linear Script(s) (CUP) — ABSENT from repo (paywalled, operator-supplies; docs/related/_acquisition.md) || cypriot: Steele & Meissner 2017, 'Linear A and Linear B: structural and contextual concerns', in Understanding Relations Between Scripts (Oxbow), 93-110 — ABSENT from repo (all-rights-reserved, not acquired; docs/related/_acquisition.md)",
DU,B051,77,129,14,du,litindex:lb_value_transfer,pending_primary,pending_primary,unicode_lb_syllabary_74,True,True,secondary,"GORILA (Godart & Olivier 1976-1985); LB values after Ventris 1953 [litindex.py lb_value_transfer seed] || homomorphy: Salgarella 2020, Aegean Linear Script(s) (CUP) — ABSENT from repo (paywalled, operator-supplies; docs/related/_acquisition.md) || cypriot: Steele & Meissner 2017, 'Linear A and Linear B: structural and contextual concerns', in Understanding Relations Between Scripts (Oxbow), 93-110 — ABSENT from repo (all-rights-reserved, not acquired; docs/related/_acquisition.md)",
E,B038,31,1683,143,e,litindex:lb_value_transfer,pending_primary,pending_primary,unicode_lb_syllabary_74,True,True,secondary,"GORILA (Godart & Olivier 1976-1985); LB values after Ventris 1953 [litindex.py lb_value_transfer seed] || homomorphy: Salgarella 2020, Aegean Linear Script(s) (CUP) — ABSENT from repo (paywalled, operator-supplies; docs/related/_acquisition.md) || cypriot: Steele & Meissner 2017, 'Linear A and Linear B: structural and contextual concerns', in Understanding Relations Between Scripts (Oxbow), 93-110 — ABSENT from repo (all-rights-reserved, not acquired; docs/related/_acquisition.md)",
I,B028,166,751,59,i,litindex:lb_value_transfer,pending_primary,pending_primary,unicode_lb_syllabary_74,True,True,secondary,"GORILA (Godart & Olivier 1976-1985); LB values after Ventris 1953 [litindex.py lb_value_transfer seed] || homomorphy: Salgarella 2020, Aegean Linear Script(s) (CUP) — ABSENT from repo (paywalled, operator-supplies; docs/related/_acquisition.md) || cypriot: Steele & Meissner 2017, 'Linear A and Linear B: structural and contextual concerns', in Understanding Relations Between Scripts (Oxbow), 93-110 — ABSENT from repo (all-rights-reserved, not acquired; docs/related/_acquisition.md)",
JA,B057,165,1342,122,ja,litindex:lb_value_transfer,pending_primary,pending_primary,unicode_lb_syllabary_74,True,True,secondary,"GORILA (Godart & Olivier 1976-1985); LB values after Ventris 1953 [litindex.py lb_value_transfer seed] || homomorphy: Salgarella 2020, Aegean Linear Script(s) (CUP) — ABSENT from repo (paywalled, operator-supplies; docs/related/_acquisition.md) || cypriot: Steele & Meissner 2017, 'Linear A and Linear B: structural and contextual concerns', in Understanding Relations Between Scripts (Oxbow), 93-110 — ABSENT from repo (all-rights-reserved, not acquired; docs/related/_acquisition.md)",
JE,B046,16,203,21,je,litindex:lb_value_transfer,pending_primary,pending_primary,unicode_lb_syllabary_74,True,True,secondary,"GORILA (Godart & Olivier 1976-1985); LB values after Ventris 1953 [litindex.py lb_value_transfer seed] || homomorphy: Salgarella 2020, Aegean Linear Script(s) (CUP) — ABSENT from repo (paywalled, operator-supplies; docs/related/_acquisition.md) || cypriot: Steele & Meissner 2017, 'Linear A and Linear B: structural and contextual concerns', in Understanding Relations Between Scripts (Oxbow), 93-110 — ABSENT from repo (all-rights-reserved, not acquired; docs/related/_acquisition.md)",
JU,B065,35,0,0,ju,litindex:lb_value_transfer,pending_primary,pending_primary,unicode_lb_syllabary_74,False,False,secondary,"GORILA (Godart & Olivier 1976-1985); LB values after Ventris 1953 [litindex.py lb_value_transfer seed] || homomorphy: Salgarella 2020, Aegean Linear Script(s) (CUP) — ABSENT from repo (paywalled, operator-supplies; docs/related/_acquisition.md) || cypriot: Steele & Meissner 2017, 'Linear A and Linear B: structural and contextual concerns', in Understanding Relations Between Scripts (Oxbow), 93-110 — ABSENT from repo (all-rights-reserved, not acquired; docs/related/_acquisition.md)",
KA,B077,132,980,82,ka,litindex:lb_value_transfer,pending_primary,pending_primary,unicode_lb_syllabary_74,True,True,secondary,"GORILA (Godart & Olivier 1976-1985); LB values after Ventris 1953 [litindex.py lb_value_transfer seed] || homomorphy: Salgarella 2020, Aegean Linear Script(s) (CUP) — ABSENT from repo (paywalled, operator-supplies; docs/related/_acquisition.md) || cypriot: Steele & Meissner 2017, 'Linear A and Linear B: structural and contextual concerns', in Understanding Relations Between Scripts (Oxbow), 93-110 — ABSENT from repo (all-rights-reserved, not acquired; docs/related/_acquisition.md)",
KE,B044,16,1355,97,ke,litindex:lb_value_transfer,pending_primary,pending_primary,unicode_lb_syllabary_74,True,True,secondary,"GORILA (Godart & Olivier 1976-1985); LB values after Ventris 1953 [litindex.py lb_value_transfer seed] || homomorphy: Salgarella 2020, Aegean Linear Script(s) (CUP) — ABSENT from repo (paywalled, operator-supplies; docs/related/_acquisition.md) || cypriot: Steele & Meissner 2017, 'Linear A and Linear B: structural and contextual concerns', in Understanding Relations Between Scripts (Oxbow), 93-110 — ABSENT from repo (all-rights-reserved, not acquired; docs/related/_acquisition.md)",
KI,B067,125,499,36,ki,litindex:lb_value_transfer,pending_primary,pending_primary,unicode_lb_syllabary_74,True,True,secondary,"GORILA (Godart & Olivier 1976-1985); LB values after Ventris 1953 [litindex.py lb_value_transfer seed] || homomorphy: Salgarella 2020, Aegean Linear Script(s) (CUP) — ABSENT from repo (paywalled, operator-supplies; docs/related/_acquisition.md) || cypriot: Steele & Meissner 2017, 'Linear A and Linear B: structural and contextual concerns', in Understanding Relations Between Scripts (Oxbow), 93-110 — ABSENT from repo (all-rights-reserved, not acquired; docs/related/_acquisition.md)",
KO,B070,15,1734,115,ko,litindex:lb_value_transfer,pending_primary,pending_primary,unicode_lb_syllabary_74,True,True,secondary,"GORILA (Godart & Olivier 1976-1985); LB values after Ventris 1953 [litindex.py lb_value_transfer seed] || homomorphy: Salgarella 2020, Aegean Linear Script(s) (CUP) — ABSENT from repo (paywalled, operator-supplies; docs/related/_acquisition.md) || cypriot: Steele & Meissner 2017, 'Linear A and Linear B: structural and contextual concerns', in Understanding Relations Between Scripts (Oxbow), 93-110 — ABSENT from repo (all-rights-reserved, not acquired; docs/related/_acquisition.md)",
KU,B081,154,416,44,ku,litindex:lb_value_transfer,pending_primary,pending_primary,unicode_lb_syllabary_74,True,True,secondary,"GORILA (Godart & Olivier 1976-1985); LB values after Ventris 1953 [litindex.py lb_value_transfer seed] || homomorphy: Salgarella 2020, Aegean Linear Script(s) (CUP) — ABSENT from repo (paywalled, operator-supplies; docs/related/_acquisition.md) || cypriot: Steele & Meissner 2017, 'Linear A and Linear B: structural and contextual concerns', in Understanding Relations Between Scripts (Oxbow), 93-110 — ABSENT from repo (all-rights-reserved, not acquired; docs/related/_acquisition.md)",
MA,B080,117,496,48,ma,litindex:lb_value_transfer,pending_primary,pending_primary,unicode_lb_syllabary_74,True,True,secondary,"GORILA (Godart & Olivier 1976-1985); LB values after Ventris 1953 [litindex.py lb_value_transfer seed] || homomorphy: Salgarella 2020, Aegean Linear Script(s) (CUP) — ABSENT from repo (paywalled, operator-supplies; docs/related/_acquisition.md) || cypriot: Steele & Meissner 2017, 'Linear A and Linear B: structural and contextual concerns', in Understanding Relations Between Scripts (Oxbow), 93-110 — ABSENT from repo (all-rights-reserved, not acquired; docs/related/_acquisition.md)",
ME,B013,43,759,66,me,litindex:lb_value_transfer,pending_primary,pending_primary,unicode_lb_syllabary_74,True,True,secondary,"GORILA (Godart & Olivier 1976-1985); LB values after Ventris 1953 [litindex.py lb_value_transfer seed] || homomorphy: Salgarella 2020, Aegean Linear Script(s) (CUP) — ABSENT from repo (paywalled, operator-supplies; docs/related/_acquisition.md) || cypriot: Steele & Meissner 2017, 'Linear A and Linear B: structural and contextual concerns', in Understanding Relations Between Scripts (Oxbow), 93-110 — ABSENT from repo (all-rights-reserved, not acquired; docs/related/_acquisition.md)",
MI,B073,92,313,27,mi,litindex:lb_value_transfer,pending_primary,pending_primary,unicode_lb_syllabary_74,True,True,secondary,"GORILA (Godart & Olivier 1976-1985); LB values after Ventris 1953 [litindex.py lb_value_transfer seed] || homomorphy: Salgarella 2020, Aegean Linear Script(s) (CUP) — ABSENT from repo (paywalled, operator-supplies; docs/related/_acquisition.md) || cypriot: Steele & Meissner 2017, 'Linear A and Linear B: structural and contextual concerns', in Understanding Relations Between Scripts (Oxbow), 93-110 — ABSENT from repo (all-rights-reserved, not acquired; docs/related/_acquisition.md)",
MU,B023,15,42,2,mu,litindex:lb_value_transfer,pending_primary,pending_primary,unicode_lb_syllabary_74,True,True,secondary,"GORILA (Godart & Olivier 1976-1985); LB values after Ventris 1953 [litindex.py lb_value_transfer seed] || homomorphy: Salgarella 2020, Aegean Linear Script(s) (CUP) — ABSENT from repo (paywalled, operator-supplies; docs/related/_acquisition.md) || cypriot: Steele & Meissner 2017, 'Linear A and Linear B: structural and contextual concerns', in Understanding Relations Between Scripts (Oxbow), 93-110 — ABSENT from repo (all-rights-reserved, not acquired; docs/related/_acquisition.md)",
NA,B006,157,1050,50,na,litindex:lb_value_transfer,pending_primary,pending_primary,unicode_lb_syllabary_74,True,True,secondary,"GORILA (Godart & Olivier 1976-1985); LB values after Ventris 1953 [litindex.py lb_value_transfer seed] || homomorphy: Salgarella 2020, Aegean Linear Script(s) (CUP) — ABSENT from repo (paywalled, operator-supplies; docs/related/_acquisition.md) || cypriot: Steele & Meissner 2017, 'Linear A and Linear B: structural and contextual concerns', in Understanding Relations Between Scripts (Oxbow), 93-110 — ABSENT from repo (all-rights-reserved, not acquired; docs/related/_acquisition.md)",
NE,B024,57,445,39,ne,litindex:lb_value_transfer,pending_primary,pending_primary,unicode_lb_syllabary_74,True,True,secondary,"GORILA (Godart & Olivier 1976-1985); LB values after Ventris 1953 [litindex.py lb_value_transfer seed] || homomorphy: Salgarella 2020, Aegean Linear Script(s) (CUP) — ABSENT from repo (paywalled, operator-supplies; docs/related/_acquisition.md) || cypriot: Steele & Meissner 2017, 'Linear A and Linear B: structural and contextual concerns', in Understanding Relations Between Scripts (Oxbow), 93-110 — ABSENT from repo (all-rights-reserved, not acquired; docs/related/_acquisition.md)",
NI,B030,123,463,37,ni,litindex:lb_value_transfer,pending_primary,pending_primary,unicode_lb_syllabary_74,True,True,secondary,"GORILA (Godart & Olivier 1976-1985); LB values after Ventris 1953 [litindex.py lb_value_transfer seed] || homomorphy: Salgarella 2020, Aegean Linear Script(s) (CUP) — ABSENT from repo (paywalled, operator-supplies; docs/related/_acquisition.md) || cypriot: Steele & Meissner 2017, 'Linear A and Linear B: structural and contextual concerns', in Understanding Relations Between Scripts (Oxbow), 93-110 — ABSENT from repo (all-rights-reserved, not acquired; docs/related/_acquisition.md)",
NU,B055,59,190,12,nu,litindex:lb_value_transfer,pending_primary,pending_primary,unicode_lb_syllabary_74,True,True,secondary,"GORILA (Godart & Olivier 1976-1985); LB values after Ventris 1953 [litindex.py lb_value_transfer seed] || homomorphy: Salgarella 2020, Aegean Linear Script(s) (CUP) — ABSENT from repo (paywalled, operator-supplies; docs/related/_acquisition.md) || cypriot: Steele & Meissner 2017, 'Linear A and Linear B: structural and contextual concerns', in Understanding Relations Between Scripts (Oxbow), 93-110 — ABSENT from repo (all-rights-reserved, not acquired; docs/related/_acquisition.md)",
NWA,B048,1,25,2,nwa,litindex:lb_value_transfer,pending_primary,pending_primary,unicode_lb_syllabary_74,True,False,secondary,"GORILA (Godart & Olivier 1976-1985); LB values after Ventris 1953 [litindex.py lb_value_transfer seed] || homomorphy: Salgarella 2020, Aegean Linear Script(s) (CUP) — ABSENT from repo (paywalled, operator-supplies; docs/related/_acquisition.md) || cypriot: Steele & Meissner 2017, 'Linear A and Linear B: structural and contextual concerns', in Understanding Relations Between Scripts (Oxbow), 93-110 — ABSENT from repo (all-rights-reserved, not acquired; docs/related/_acquisition.md)",
O,B061,14,1382,70,o,litindex:lb_value_transfer,pending_primary,pending_primary,unicode_lb_syllabary_74,True,True,secondary,"GORILA (Godart & Olivier 1976-1985); LB values after Ventris 1953 [litindex.py lb_value_transfer seed] || homomorphy: Salgarella 2020, Aegean Linear Script(s) (CUP) — ABSENT from repo (paywalled, operator-supplies; docs/related/_acquisition.md) || cypriot: Steele & Meissner 2017, 'Linear A and Linear B: structural and contextual concerns', in Understanding Relations Between Scripts (Oxbow), 93-110 — ABSENT from repo (all-rights-reserved, not acquired; docs/related/_acquisition.md)",
PA,B003,101,940,53,pa,litindex:lb_value_transfer,pending_primary,pending_primary,unicode_lb_syllabary_74,True,True,secondary,"GORILA (Godart & Olivier 1976-1985); LB values after Ventris 1953 [litindex.py lb_value_transfer seed] || homomorphy: Salgarella 2020, Aegean Linear Script(s) (CUP) — ABSENT from repo (paywalled, operator-supplies; docs/related/_acquisition.md) || cypriot: Steele & Meissner 2017, 'Linear A and Linear B: structural and contextual concerns', in Understanding Relations Between Scripts (Oxbow), 93-110 — ABSENT from repo (all-rights-reserved, not acquired; docs/related/_acquisition.md)",
PA3,,46,0,0,pa3,data.py bridge convention,pending_primary,pending_primary,unicode_lb_syllabary_74,False,False,secondary,"scripts/cross_script/data.py bridge: GORILA romanization == Unicode LB syllable value (Unicode chart cross-check); NOT in the litindex seed — needs citation before graduating to seed status || homomorphy: Salgarella 2020, Aegean Linear Script(s) (CUP) — ABSENT from repo (paywalled, operator-supplies; docs/related/_acquisition.md) || cypriot: Steele & Meissner 2017, 'Linear A and Linear B: structural and contextual concerns', in Understanding Relations Between Scripts (Oxbow), 93-110 — ABSENT from repo (all-rights-reserved, not acquired; docs/related/_acquisition.md)",
PI,B039,57,635,70,pi,litindex:lb_value_transfer,pending_primary,pending_primary,unicode_lb_syllabary_74,True,True,secondary,"GORILA (Godart & Olivier 1976-1985); LB values after Ventris 1953 [litindex.py lb_value_transfer seed] || homomorphy: Salgarella 2020, Aegean Linear Script(s) (CUP) — ABSENT from repo (paywalled, operator-supplies; docs/related/_acquisition.md) || cypriot: Steele & Meissner 2017, 'Linear A and Linear B: structural and contextual concerns', in Understanding Relations Between Scripts (Oxbow), 93-110 — ABSENT from repo (all-rights-reserved, not acquired; docs/related/_acquisition.md)",
PO,B011,8,584,69,po,litindex:lb_value_transfer,pending_primary,pending_primary,unicode_lb_syllabary_74,True,True,secondary,"GORILA (Godart & Olivier 1976-1985); LB values after Ventris 1953 [litindex.py lb_value_transfer seed] || homomorphy: Salgarella 2020, Aegean Linear Script(s) (CUP) — ABSENT from repo (paywalled, operator-supplies; docs/related/_acquisition.md) || cypriot: Steele & Meissner 2017, 'Linear A and Linear B: structural and contextual concerns', in Understanding Relations Between Scripts (Oxbow), 93-110 — ABSENT from repo (all-rights-reserved, not acquired; docs/related/_acquisition.md)",
PU,B050,23,261,14,pu,litindex:lb_value_transfer,pending_primary,pending_primary,unicode_lb_syllabary_74,True,True,secondary,"GORILA (Godart & Olivier 1976-1985); LB values after Ventris 1953 [litindex.py lb_value_transfer seed] || homomorphy: Salgarella 2020, Aegean Linear Script(s) (CUP) — ABSENT from repo (paywalled, operator-supplies; docs/related/_acquisition.md) || cypriot: Steele & Meissner 2017, 'Linear A and Linear B: structural and contextual concerns', in Understanding Relations Between Scripts (Oxbow), 93-110 — ABSENT from repo (all-rights-reserved, not acquired; docs/related/_acquisition.md)",
PU2,B029,13,52,12,pu2,data.py bridge convention,pending_primary,pending_primary,unicode_lb_syllabary_74,True,True,secondary,"scripts/cross_script/data.py bridge: GORILA romanization == Unicode LB syllable value (Unicode chart cross-check); NOT in the litindex seed — needs citation before graduating to seed status || homomorphy: Salgarella 2020, Aegean Linear Script(s) (CUP) — ABSENT from repo (paywalled, operator-supplies; docs/related/_acquisition.md) || cypriot: Steele & Meissner 2017, 'Linear A and Linear B: structural and contextual concerns', in Understanding Relations Between Scripts (Oxbow), 93-110 — ABSENT from repo (all-rights-reserved, not acquired; docs/related/_acquisition.md)",
QA,B016,45,274,14,qa,litindex:lb_value_transfer,pending_primary,pending_primary,unicode_lb_syllabary_74,True,True,secondary,"GORILA (Godart & Olivier 1976-1985); LB values after Ventris 1953 [litindex.py lb_value_transfer seed] || homomorphy: Salgarella 2020, Aegean Linear Script(s) (CUP) — ABSENT from repo (paywalled, operator-supplies; docs/related/_acquisition.md) || cypriot: Steele & Meissner 2017, 'Linear A and Linear B: structural and contextual concerns', in Understanding Relations Between Scripts (Oxbow), 93-110 — ABSENT from repo (all-rights-reserved, not acquired; docs/related/_acquisition.md)",
QE,B078,45,541,22,qe,litindex:lb_value_transfer,pending_primary,pending_primary,unicode_lb_syllabary_74,True,True,secondary,"GORILA (Godart & Olivier 1976-1985); LB values after Ventris 1953 [litindex.py lb_value_transfer seed] || homomorphy: Salgarella 2020, Aegean Linear Script(s) (CUP) — ABSENT from repo (paywalled, operator-supplies; docs/related/_acquisition.md) || cypriot: Steele & Meissner 2017, 'Linear A and Linear B: structural and contextual concerns', in Understanding Relations Between Scripts (Oxbow), 93-110 — ABSENT from repo (all-rights-reserved, not acquired; docs/related/_acquisition.md)",
QI,B021,1,105,5,qi,litindex:lb_value_transfer,pending_primary,pending_primary,unicode_lb_syllabary_74,True,False,secondary,"GORILA (Godart & Olivier 1976-1985); LB values after Ventris 1953 [litindex.py lb_value_transfer seed] || homomorphy: Salgarella 2020, Aegean Linear Script(s) (CUP) — ABSENT from repo (paywalled, operator-supplies; docs/related/_acquisition.md) || cypriot: Steele & Meissner 2017, 'Linear A and Linear B: structural and contextual concerns', in Understanding Relations Between Scripts (Oxbow), 93-110 — ABSENT from repo (all-rights-reserved, not acquired; docs/related/_acquisition.md)",
RA,B060,116,1359,113,ra,litindex:lb_value_transfer,pending_primary,pending_primary,unicode_lb_syllabary_74,True,True,secondary,"GORILA (Godart & Olivier 1976-1985); LB values after Ventris 1953 [litindex.py lb_value_transfer seed] || homomorphy: Salgarella 2020, Aegean Linear Script(s) (CUP) — ABSENT from repo (paywalled, operator-supplies; docs/related/_acquisition.md) || cypriot: Steele & Meissner 2017, 'Linear A and Linear B: structural and contextual concerns', in Understanding Relations Between Scripts (Oxbow), 93-110 — ABSENT from repo (all-rights-reserved, not acquired; docs/related/_acquisition.md)",
RA2,B076,51,66,6,ra2,data.py bridge convention,pending_primary,pending_primary,unicode_lb_syllabary_74,True,True,secondary,"scripts/cross_script/data.py bridge: GORILA romanization == Unicode LB syllable value (Unicode chart cross-check); NOT in the litindex seed — needs citation before graduating to seed status || homomorphy: Salgarella 2020, Aegean Linear Script(s) (CUP) — ABSENT from repo (paywalled, operator-supplies; docs/related/_acquisition.md) || cypriot: Steele & Meissner 2017, 'Linear A and Linear B: structural and contextual concerns', in Understanding Relations Between Scripts (Oxbow), 93-110 — ABSENT from repo (all-rights-reserved, not acquired; docs/related/_acquisition.md)",
RE,B027,124,1039,104,re,litindex:lb_value_transfer,pending_primary,pending_primary,unicode_lb_syllabary_74,True,True,secondary,"GORILA (Godart & Olivier 1976-1985); LB values after Ventris 1953 [litindex.py lb_value_transfer seed] || homomorphy: Salgarella 2020, Aegean Linear Script(s) (CUP) — ABSENT from repo (paywalled, operator-supplies; docs/related/_acquisition.md) || cypriot: Steele & Meissner 2017, 'Linear A and Linear B: structural and contextual concerns', in Understanding Relations Between Scripts (Oxbow), 93-110 — ABSENT from repo (all-rights-reserved, not acquired; docs/related/_acquisition.md)",
RI,B053,77,855,77,ri,litindex:lb_value_transfer,pending_primary,pending_primary,unicode_lb_syllabary_74,True,True,secondary,"GORILA (Godart & Olivier 1976-1985); LB values after Ventris 1953 [litindex.py lb_value_transfer seed] || homomorphy: Salgarella 2020, Aegean Linear Script(s) (CUP) — ABSENT from repo (paywalled, operator-supplies; docs/related/_acquisition.md) || cypriot: Steele & Meissner 2017, 'Linear A and Linear B: structural and contextual concerns', in Understanding Relations Between Scripts (Oxbow), 93-110 — ABSENT from repo (all-rights-reserved, not acquired; docs/related/_acquisition.md)",
RO,B002,95,1647,128,ro,litindex:lb_value_transfer,pending_primary,pending_primary,unicode_lb_syllabary_74,True,True,secondary,"GORILA (Godart & Olivier 1976-1985); LB values after Ventris 1953 [litindex.py lb_value_transfer seed] || homomorphy: Salgarella 2020, Aegean Linear Script(s) (CUP) — ABSENT from repo (paywalled, operator-supplies; docs/related/_acquisition.md) || cypriot: Steele & Meissner 2017, 'Linear A and Linear B: structural and contextual concerns', in Understanding Relations Between Scripts (Oxbow), 93-110 — ABSENT from repo (all-rights-reserved, not acquired; docs/related/_acquisition.md)",
RU,B026,92,389,40,ru,litindex:lb_value_transfer,pending_primary,pending_primary,unicode_lb_syllabary_74,True,True,secondary,"GORILA (Godart & Olivier 1976-1985); LB values after Ventris 1953 [litindex.py lb_value_transfer seed] || homomorphy: Salgarella 2020, Aegean Linear Script(s) (CUP) — ABSENT from repo (paywalled, operator-supplies; docs/related/_acquisition.md) || cypriot: Steele & Meissner 2017, 'Linear A and Linear B: structural and contextual concerns', in Understanding Relations Between Scripts (Oxbow), 93-110 — ABSENT from repo (all-rights-reserved, not acquired; docs/related/_acquisition.md)",
SA,B031,138,370,34,sa,litindex:lb_value_transfer,pending_primary,pending_primary,unicode_lb_syllabary_74,True,True,secondary,"GORILA (Godart & Olivier 1976-1985); LB values after Ventris 1953 [litindex.py lb_value_transfer seed] || homomorphy: Salgarella 2020, Aegean Linear Script(s) (CUP) — ABSENT from repo (paywalled, operator-supplies; docs/related/_acquisition.md) || cypriot: Steele & Meissner 2017, 'Linear A and Linear B: structural and contextual concerns', in Understanding Relations Between Scripts (Oxbow), 93-110 — ABSENT from repo (all-rights-reserved, not acquired; docs/related/_acquisition.md)",
SE,B009,65,219,23,se,litindex:lb_value_transfer,pending_primary,pending_primary,unicode_lb_syllabary_74,True,True,secondary,"GORILA (Godart & Olivier 1976-1985); LB values after Ventris 1953 [litindex.py lb_value_transfer seed] || homomorphy: Salgarella 2020, Aegean Linear Script(s) (CUP) — ABSENT from repo (paywalled, operator-supplies; docs/related/_acquisition.md) || cypriot: Steele & Meissner 2017, 'Linear A and Linear B: structural and contextual concerns', in Understanding Relations Between Scripts (Oxbow), 93-110 — ABSENT from repo (all-rights-reserved, not acquired; docs/related/_acquisition.md)",
SI,B041,145,797,60,si,litindex:lb_value_transfer,pending_primary,pending_primary,unicode_lb_syllabary_74,True,True,secondary,"GORILA (Godart & Olivier 1976-1985); LB values after Ventris 1953 [litindex.py lb_value_transfer seed] || homomorphy: Salgarella 2020, Aegean Linear Script(s) (CUP) — ABSENT from repo (paywalled, operator-supplies; docs/related/_acquisition.md) || cypriot: Steele & Meissner 2017, 'Linear A and Linear B: structural and contextual concerns', in Understanding Relations Between Scripts (Oxbow), 93-110 — ABSENT from repo (all-rights-reserved, not acquired; docs/related/_acquisition.md)",
SU,B058,52,165,16,su,litindex:lb_value_transfer,pending_primary,pending_primary,unicode_lb_syllabary_74,True,True,secondary,"GORILA (Godart & Olivier 1976-1985); LB values after Ventris 1953 [litindex.py lb_value_transfer seed] || homomorphy: Salgarella 2020, Aegean Linear Script(s) (CUP) — ABSENT from repo (paywalled, operator-supplies; docs/related/_acquisition.md) || cypriot: Steele & Meissner 2017, 'Linear A and Linear B: structural and contextual concerns', in Understanding Relations Between Scripts (Oxbow), 93-110 — ABSENT from repo (all-rights-reserved, not acquired; docs/related/_acquisition.md)",
TA,B059,150,1286,113,ta,litindex:lb_value_transfer,pending_primary,pending_primary,unicode_lb_syllabary_74,True,True,secondary,"GORILA (Godart & Olivier 1976-1985); LB values after Ventris 1953 [litindex.py lb_value_transfer seed] || homomorphy: Salgarella 2020, Aegean Linear Script(s) (CUP) — ABSENT from repo (paywalled, operator-supplies; docs/related/_acquisition.md) || cypriot: Steele & Meissner 2017, 'Linear A and Linear B: structural and contextual concerns', in Understanding Relations Between Scripts (Oxbow), 93-110 — ABSENT from repo (all-rights-reserved, not acquired; docs/related/_acquisition.md)",
TA2,B066,16,20,1,ta2,data.py bridge convention,pending_primary,pending_primary,unicode_lb_syllabary_74,True,True,secondary,"scripts/cross_script/data.py bridge: GORILA romanization == Unicode LB syllable value (Unicode chart cross-check); NOT in the litindex seed — needs citation before graduating to seed status || homomorphy: Salgarella 2020, Aegean Linear Script(s) (CUP) — ABSENT from repo (paywalled, operator-supplies; docs/related/_acquisition.md) || cypriot: Steele & Meissner 2017, 'Linear A and Linear B: structural and contextual concerns', in Understanding Relations Between Scripts (Oxbow), 93-110 — ABSENT from repo (all-rights-reserved, not acquired; docs/related/_acquisition.md)",
TE,B004,125,1194,96,te,litindex:lb_value_transfer,pending_primary,pending_primary,unicode_lb_syllabary_74,True,True,secondary,"GORILA (Godart & Olivier 1976-1985); LB values after Ventris 1953 [litindex.py lb_value_transfer seed] || homomorphy: Salgarella 2020, Aegean Linear Script(s) (CUP) — ABSENT from repo (paywalled, operator-supplies; docs/related/_acquisition.md) || cypriot: Steele & Meissner 2017, 'Linear A and Linear B: structural and contextual concerns', in Understanding Relations Between Scripts (Oxbow), 93-110 — ABSENT from repo (all-rights-reserved, not acquired; docs/related/_acquisition.md)",
TI,B037,110,644,51,ti,litindex:lb_value_transfer,pending_primary,pending_primary,unicode_lb_syllabary_74,True,True,secondary,"GORILA (Godart & Olivier 1976-1985); LB values after Ventris 1953 [litindex.py lb_value_transfer seed] || homomorphy: Salgarella 2020, Aegean Linear Script(s) (CUP) — ABSENT from repo (paywalled, operator-supplies; docs/related/_acquisition.md) || cypriot: Steele & Meissner 2017, 'Linear A and Linear B: structural and contextual concerns', in Understanding Relations Between Scripts (Oxbow), 93-110 — ABSENT from repo (all-rights-reserved, not acquired; docs/related/_acquisition.md)",
TO,B005,17,1965,103,to,litindex:lb_value_transfer,pending_primary,pending_primary,unicode_lb_syllabary_74,True,True,secondary,"GORILA (Godart & Olivier 1976-1985); LB values after Ventris 1953 [litindex.py lb_value_transfer seed] || homomorphy: Salgarella 2020, Aegean Linear Script(s) (CUP) — ABSENT from repo (paywalled, operator-supplies; docs/related/_acquisition.md) || cypriot: Steele & Meissner 2017, 'Linear A and Linear B: structural and contextual concerns', in Understanding Relations Between Scripts (Oxbow), 93-110 — ABSENT from repo (all-rights-reserved, not acquired; docs/related/_acquisition.md)",
TU,B069,73,239,23,tu,litindex:lb_value_transfer,pending_primary,pending_primary,unicode_lb_syllabary_74,True,True,secondary,"GORILA (Godart & Olivier 1976-1985); LB values after Ventris 1953 [litindex.py lb_value_transfer seed] || homomorphy: Salgarella 2020, Aegean Linear Script(s) (CUP) — ABSENT from repo (paywalled, operator-supplies; docs/related/_acquisition.md) || cypriot: Steele & Meissner 2017, 'Linear A and Linear B: structural and contextual concerns', in Understanding Relations Between Scripts (Oxbow), 93-110 — ABSENT from repo (all-rights-reserved, not acquired; docs/related/_acquisition.md)",
TWE,B087,2,7,0,twe,data.py bridge convention,pending_primary,pending_primary,unicode_lb_syllabary_74,True,False,secondary,"scripts/cross_script/data.py bridge: GORILA romanization == Unicode LB syllable value (Unicode chart cross-check); NOT in the litindex seed — needs citation before graduating to seed status || homomorphy: Salgarella 2020, Aegean Linear Script(s) (CUP) — ABSENT from repo (paywalled, operator-supplies; docs/related/_acquisition.md) || cypriot: Steele & Meissner 2017, 'Linear A and Linear B: structural and contextual concerns', in Understanding Relations Between Scripts (Oxbow), 93-110 — ABSENT from repo (all-rights-reserved, not acquired; docs/related/_acquisition.md)",
U,B010,68,964,142,u,litindex:lb_value_transfer,pending_primary,pending_primary,unicode_lb_syllabary_74,True,True,secondary,"GORILA (Godart & Olivier 1976-1985); LB values after Ventris 1953 [litindex.py lb_value_transfer seed] || homomorphy: Salgarella 2020, Aegean Linear Script(s) (CUP) — ABSENT from repo (paywalled, operator-supplies; docs/related/_acquisition.md) || cypriot: Steele & Meissner 2017, 'Linear A and Linear B: structural and contextual concerns', in Understanding Relations Between Scripts (Oxbow), 93-110 — ABSENT from repo (all-rights-reserved, not acquired; docs/related/_acquisition.md)",
WA,B054,45,744,45,wa,litindex:lb_value_transfer,pending_primary,pending_primary,unicode_lb_syllabary_74,True,True,secondary,"GORILA (Godart & Olivier 1976-1985); LB values after Ventris 1953 [litindex.py lb_value_transfer seed] || homomorphy: Salgarella 2020, Aegean Linear Script(s) (CUP) — ABSENT from repo (paywalled, operator-supplies; docs/related/_acquisition.md) || cypriot: Steele & Meissner 2017, 'Linear A and Linear B: structural and contextual concerns', in Understanding Relations Between Scripts (Oxbow), 93-110 — ABSENT from repo (all-rights-reserved, not acquired; docs/related/_acquisition.md)",
WI,B040,21,443,52,wi,litindex:lb_value_transfer,pending_primary,pending_primary,unicode_lb_syllabary_74,True,True,secondary,"GORILA (Godart & Olivier 1976-1985); LB values after Ventris 1953 [litindex.py lb_value_transfer seed] || homomorphy: Salgarella 2020, Aegean Linear Script(s) (CUP) — ABSENT from repo (paywalled, operator-supplies; docs/related/_acquisition.md) || cypriot: Steele & Meissner 2017, 'Linear A and Linear B: structural and contextual concerns', in Understanding Relations Between Scripts (Oxbow), 93-110 — ABSENT from repo (all-rights-reserved, not acquired; docs/related/_acquisition.md)",
ZA,B017,40,88,9,za,litindex:lb_value_transfer,pending_primary,pending_primary,unicode_lb_syllabary_74,True,True,secondary,"GORILA (Godart & Olivier 1976-1985); LB values after Ventris 1953 [litindex.py lb_value_transfer seed] || homomorphy: Salgarella 2020, Aegean Linear Script(s) (CUP) — ABSENT from repo (paywalled, operator-supplies; docs/related/_acquisition.md) || cypriot: Steele & Meissner 2017, 'Linear A and Linear B: structural and contextual concerns', in Understanding Relations Between Scripts (Oxbow), 93-110 — ABSENT from repo (all-rights-reserved, not acquired; docs/related/_acquisition.md)",
ZE,B074,1,58,6,ze,litindex:lb_value_transfer,pending_primary,pending_primary,unicode_lb_syllabary_74,True,False,secondary,"GORILA (Godart & Olivier 1976-1985); LB values after Ventris 1953 [litindex.py lb_value_transfer seed] || homomorphy: Salgarella 2020, Aegean Linear Script(s) (CUP) — ABSENT from repo (paywalled, operator-supplies; docs/related/_acquisition.md) || cypriot: Steele & Meissner 2017, 'Linear A and Linear B: structural and contextual concerns', in Understanding Relations Between Scripts (Oxbow), 93-110 — ABSENT from repo (all-rights-reserved, not acquired; docs/related/_acquisition.md)",
ZO,B020,2,185,10,zo,litindex:lb_value_transfer,pending_primary,pending_primary,unicode_lb_syllabary_74,True,False,secondary,"GORILA (Godart & Olivier 1976-1985); LB values after Ventris 1953 [litindex.py lb_value_transfer seed] || homomorphy: Salgarella 2020, Aegean Linear Script(s) (CUP) — ABSENT from repo (paywalled, operator-supplies; docs/related/_acquisition.md) || cypriot: Steele & Meissner 2017, 'Linear A and Linear B: structural and contextual concerns', in Understanding Relations Between Scripts (Oxbow), 93-110 — ABSENT from repo (all-rights-reserved, not acquired; docs/related/_acquisition.md)",
ZU,,32,0,0,zu,data.py bridge convention,pending_primary,pending_primary,unicode_lb_syllabary_74,False,False,secondary,"scripts/cross_script/data.py bridge: GORILA romanization == Unicode LB syllable value (Unicode chart cross-check); NOT in the litindex seed — needs citation before graduating to seed status || homomorphy: Salgarella 2020, Aegean Linear Script(s) (CUP) — ABSENT from repo (paywalled, operator-supplies; docs/related/_acquisition.md) || cypriot: Steele & Meissner 2017, 'Linear A and Linear B: structural and contextual concerns', in Understanding Relations Between Scripts (Oxbow), 93-110 — ABSENT from repo (all-rights-reserved, not acquired; docs/related/_acquisition.md)",
