experiment_dir,authoritative_worktree,path,ext,bytes
linear_a_campaign,main,experiments/linear_a_campaign/identifiability_metrics.py,py,4524
linear_a_campaign,main,experiments/linear_a_campaign/CAMPAIGN.md,md,7662
linear_a_campaign,main,experiments/linear_a_campaign/kuro_reconciliation.py,py,5206
linear_a_campaign,main,experiments/linear_a_campaign/kuro_reconciliation.json,json,1100
linear_a_campaign,main,experiments/linear_a_campaign/IDENTIFIABILITY_SYNTHESIS.md,md,6783
linear_a_campaign,main,experiments/linear_a_campaign/identifiability_metrics.json,json,1315
linear_a_constraint_expansion,constraint-expansion,experiments/linear_a_constraint_expansion/DECISION_LOG.md,md,3830
linear_a_constraint_expansion,constraint-expansion,experiments/linear_a_constraint_expansion/STATUS.md,md,2051
linear_a_constraint_expansion,constraint-expansion,experiments/linear_a_constraint_expansion/d4_accounting_closure.py,py,6460
linear_a_constraint_expansion,constraint-expansion,experiments/linear_a_constraint_expansion/CAMPAIGN.md,md,4939
linear_a_constraint_expansion,constraint-expansion,experiments/linear_a_constraint_expansion/LICENCE_STATE.json,json,276
linear_a_constraint_expansion,constraint-expansion,experiments/linear_a_constraint_expansion/SOURCE_REGISTER.csv,csv,1047
linear_a_constraint_expansion,constraint-expansion,experiments/linear_a_constraint_expansion/SEARCH_RECEIPT.json,json,498
linear_a_constraint_expansion,constraint-expansion,experiments/linear_a_constraint_expansion/ASSUMPTION_REGISTER.json,json,1237
linear_a_constraint_expansion,constraint-expansion,experiments/linear_a_constraint_expansion/INFORMATION_BUDGET.json,json,845
linear_a_constraint_expansion,constraint-expansion,experiments/linear_a_constraint_expansion/scripts/stage_d5_cross_site_support_invariance.py,py,8233
linear_a_constraint_expansion,constraint-expansion,experiments/linear_a_constraint_expansion/scripts/stage_b_clean_representation.py,py,5352
linear_a_constraint_expansion,constraint-expansion,experiments/linear_a_constraint_expansion/scripts/stage_hj_agnostic_null.py,py,4753
linear_a_constraint_expansion,constraint-expansion,experiments/linear_a_constraint_expansion/scripts/stage_a_reopening_audit.py,py,7480
linear_a_constraint_expansion,constraint-expansion,experiments/linear_a_constraint_expansion/reports/A_IDENTIFIABILITY_REOPENING_AUDIT.md,md,3575
linear_a_constraint_expansion,constraint-expansion,experiments/linear_a_constraint_expansion/reports/C_SOURCE_DISCOVERY_AUDIT.md,md,3024
linear_a_constraint_expansion,constraint-expansion,experiments/linear_a_constraint_expansion/reports/EF_KNOWN_SCRIPT_AND_ANCHORS.md,md,2849
linear_a_constraint_expansion,constraint-expansion,experiments/linear_a_constraint_expansion/reports/B_CORPUS_FORENSICS.md,md,3583
linear_a_constraint_expansion,constraint-expansion,experiments/linear_a_constraint_expansion/reports/KL_UNLOCK_AND_FINAL_VERDICT.md,md,4366
linear_a_constraint_expansion,constraint-expansion,experiments/linear_a_constraint_expansion/reports/D_CONSTRAINT_MINING.md,md,3680
linear_a_constraint_expansion,constraint-expansion,experiments/linear_a_constraint_expansion/CHECKPOINTS/CHECKPOINT_1_AB.md,md,1793
linear_a_constraint_expansion,constraint-expansion,experiments/linear_a_constraint_expansion/CHECKPOINTS/CHECKPOINT_3_EL.md,md,1691
linear_a_constraint_expansion,constraint-expansion,experiments/linear_a_constraint_expansion/CHECKPOINTS/CHECKPOINT_2_CD.md,md,2020
linear_a_constraint_expansion,constraint-expansion,experiments/linear_a_constraint_expansion/data/stage_a_budget.json,json,2829
linear_a_constraint_expansion,constraint-expansion,experiments/linear_a_constraint_expansion/data/stage_hj_null.json,json,1146
linear_a_constraint_expansion,constraint-expansion,experiments/linear_a_constraint_expansion/data/clean_phonetic_wordforms.json,json,16128
linear_a_constraint_expansion,constraint-expansion,experiments/linear_a_constraint_expansion/data/stage_b_representation.json,json,779
linear_a_foundry,foundry,experiments/linear_a_foundry/ASSUMPTION_REGISTER.json,json,897
linear_a_foundry,foundry,experiments/linear_a_foundry/LICENCE_STATE.json,json,586
linear_a_foundry,foundry,experiments/linear_a_foundry/DECISION_LOG.md,md,5444
linear_a_foundry,foundry,experiments/linear_a_foundry/CAMPAIGN.md,md,4276
linear_a_foundry,foundry,experiments/linear_a_foundry/SEARCH_RECEIPT.json,json,2572
linear_a_foundry,foundry,experiments/linear_a_foundry/FINAL_CAMPAIGN_REPORT.md,md,13313
linear_a_foundry,foundry,experiments/linear_a_foundry/SOURCE_REGISTER.csv,csv,392
linear_a_foundry,foundry,experiments/linear_a_foundry/INFORMATION_BUDGET.json,json,210
linear_a_foundry,foundry,experiments/linear_a_foundry/STATUS.md,md,2882
linear_a_foundry,foundry,experiments/linear_a_foundry/reports/WP1_SYMMETRY_BREAKING_ATLAS.md,md,1166
linear_a_foundry,foundry,experiments/linear_a_foundry/reports/WP3_RELATIVE_PHONOLOGY.md,md,5255
linear_a_foundry,foundry,experiments/linear_a_foundry/reports/WP1_COUNTEREXAMPLES.md,md,2581
linear_a_foundry,foundry,experiments/linear_a_foundry/reports/WORDSEG_CANDLANG_SOURCES.md,md,2411
linear_a_foundry,foundry,experiments/linear_a_foundry/reports/WP1_FORMAL_IDENTIFIABILITY_THEOREM.md,md,4100
linear_a_foundry,foundry,experiments/linear_a_foundry/reports/WP4_WP5_CROSSSCRIPT_ANCHORS.md,md,3420
linear_a_foundry,foundry,experiments/linear_a_foundry/reports/WP6_POWERCURVE_SYNTH_AGNOSTIC.md,md,3260
linear_a_foundry,foundry,experiments/linear_a_foundry/CHECKPOINTS/CHECKPOINT_WP6.md,md,1171
linear_a_foundry,foundry,experiments/linear_a_foundry/CHECKPOINTS/CHECKPOINT_WP1_WP3.1.md,md,1872
linear_a_foundry,foundry,experiments/linear_a_foundry/CHECKPOINTS/CHECKPOINT_WP3_WP5.md,md,1706
linear_a_foundry,foundry,experiments/linear_a_foundry/scripts/word_units.py,py,2916
linear_a_foundry,foundry,experiments/linear_a_foundry/scripts/candidate_round1.py,py,23399
linear_a_foundry,foundry,experiments/linear_a_foundry/scripts/wp3_2b_power_curve.py,py,5278
linear_a_foundry,foundry,experiments/linear_a_foundry/scripts/candidate_round3.py,py,1018
linear_a_foundry,foundry,experiments/linear_a_foundry/scripts/wp3_cv_cluster.py,py,10221
linear_a_foundry,foundry,experiments/linear_a_foundry/scripts/wp3_3_orthographic_alternations.py,py,14307
linear_a_foundry,foundry,experiments/linear_a_foundry/scripts/candidate_round2.py,py,1001
linear_a_foundry,foundry,experiments/linear_a_foundry/scripts/wp7_cvcheck_patch.py,py,4150
linear_a_foundry,foundry,experiments/linear_a_foundry/scripts/wp5_reduced_seed_bootstrap.py,py,18348
linear_a_foundry,foundry,experiments/linear_a_foundry/scripts/wp7_word_substitution_channel.py,py,9895
linear_a_foundry,foundry,experiments/linear_a_foundry/scripts/wp5_anchor_inventory.py,py,16232
linear_a_foundry,foundry,experiments/linear_a_foundry/scripts/candidate_engine.py,py,17324
linear_a_foundry,foundry,experiments/linear_a_foundry/scripts/wp2_segmentation_lever.py,py,4922
linear_a_foundry,foundry,experiments/linear_a_foundry/scripts/wp3_4_morphology_cv.py,py,21359
linear_a_foundry,foundry,experiments/linear_a_foundry/scripts/wp7_source_register.py,py,43982
linear_a_foundry,foundry,experiments/linear_a_foundry/scripts/wp6_agnostic_search_endtoend_null.py,py,24494
linear_a_foundry,foundry,experiments/linear_a_foundry/scripts/build_seals.py,py,14143
linear_a_foundry,foundry,experiments/linear_a_foundry/scripts/wp5_2_seed_propagation_power_curve.py,py,13940
linear_a_foundry,foundry,experiments/linear_a_foundry/scripts/wp3_cv_recovery.py,py,5864
linear_a_foundry,foundry,experiments/linear_a_foundry/scripts/seal_common.py,py,4160
linear_a_foundry,foundry,experiments/linear_a_foundry/scripts/wp8_word_reduced_seed_cv.py,py,9413
linear_a_foundry,foundry,experiments/linear_a_foundry/scripts/candidate_round1_wordunits.py,py,3673
linear_a_foundry,foundry,experiments/linear_a_foundry/scripts/wp1_symmetry_break.py,py,6451
linear_a_foundry,foundry,experiments/linear_a_foundry/scripts/wp6_synthetic_recovery_lab.py,py,36676
linear_a_foundry,foundry,experiments/linear_a_foundry/scripts/wp3_2_scribal_substitution.py,py,21146
linear_a_foundry,foundry,experiments/linear_a_foundry/scripts/wp4_cross_script_evolution.py,py,14669
linear_a_foundry,foundry,experiments/linear_a_foundry/scripts/__pycache__/wp6_synthetic_recovery_lab.cpython-311.pyc,pyc,53613
linear_a_foundry,foundry,experiments/linear_a_foundry/scripts/__pycache__/wp7_word_substitution_channel.cpython-311.pyc,pyc,17125
linear_a_foundry,foundry,experiments/linear_a_foundry/scripts/__pycache__/wp2_segmentation_lever.cpython-311.pyc,pyc,10757
linear_a_foundry,foundry,experiments/linear_a_foundry/scripts/__pycache__/seal_common.cpython-311.pyc,pyc,6728
linear_a_foundry,foundry,experiments/linear_a_foundry/scripts/__pycache__/wp6_agnostic_search_endtoend_null.cpython-311.pyc,pyc,39656
linear_a_foundry,foundry,experiments/linear_a_foundry/scripts/__pycache__/wp3_4_morphology_cv.cpython-311.pyc,pyc,39822
linear_a_foundry,foundry,experiments/linear_a_foundry/scripts/__pycache__/word_units.cpython-311.pyc,pyc,5544
linear_a_foundry,foundry,experiments/linear_a_foundry/scripts/__pycache__/wp5_reduced_seed_bootstrap.cpython-311.pyc,pyc,35170
linear_a_foundry,foundry,experiments/linear_a_foundry/scripts/__pycache__/candidate_round1.cpython-311.pyc,pyc,37480
linear_a_foundry,foundry,experiments/linear_a_foundry/scripts/__pycache__/wp3_2_scribal_substitution.cpython-311.pyc,pyc,36383
linear_a_foundry,foundry,experiments/linear_a_foundry/scripts/__pycache__/candidate_engine.cpython-311.pyc,pyc,28963
linear_a_foundry,foundry,experiments/linear_a_foundry/scripts/__pycache__/wp3_cv_recovery.cpython-311.pyc,pyc,15079
linear_a_foundry,foundry,experiments/linear_a_foundry/data/wp2_segmentation_lever.json,json,994
linear_a_foundry,foundry,experiments/linear_a_foundry/data/wp5_reduced_seed_bootstrap.json,json,11030
linear_a_foundry,foundry,experiments/linear_a_foundry/data/wp6_synthetic_recovery_lab.json,json,10907
linear_a_foundry,foundry,experiments/linear_a_foundry/data/seal_5_prospective_registration.json,json,655
linear_a_foundry,foundry,experiments/linear_a_foundry/data/seal_1_heldout.json,json,2967
linear_a_foundry,foundry,experiments/linear_a_foundry/data/wp3_2_scribal_substitution.json,json,9503
linear_a_foundry,foundry,experiments/linear_a_foundry/data/candidate_wordunits.json,json,190634
linear_a_foundry,foundry,experiments/linear_a_foundry/data/seal_2_heldout.json,json,2248
linear_a_foundry,foundry,experiments/linear_a_foundry/data/seal_3_heldout.json,json,2186
linear_a_foundry,foundry,experiments/linear_a_foundry/data/wp4_summary.txt,txt,1230
linear_a_foundry,foundry,experiments/linear_a_foundry/data/wp3_3_orthographic_alternations.json,json,5701
linear_a_foundry,foundry,experiments/linear_a_foundry/data/wp5_anchor_inventory_signs.csv,csv,2850
linear_a_foundry,foundry,experiments/linear_a_foundry/data/wp3_cv_cluster.json,json,2385
linear_a_foundry,foundry,experiments/linear_a_foundry/data/wp7_source_register_summary.txt,txt,2679
linear_a_foundry,foundry,experiments/linear_a_foundry/data/wp6_agnostic_search_endtoend_null.json,json,3944
linear_a_foundry,foundry,experiments/linear_a_foundry/data/seal_4_heldout.json,json,14717
linear_a_foundry,foundry,experiments/linear_a_foundry/data/wp3_2b_power_curve.json,json,1466
linear_a_foundry,foundry,experiments/linear_a_foundry/data/wp3_4_morphology_cv.json,json,19303
linear_a_foundry,foundry,experiments/linear_a_foundry/data/symmetry_breaking_atlas.json,json,5713
linear_a_foundry,foundry,experiments/linear_a_foundry/data/wp6_null_scores.json,json,301
linear_a_foundry,foundry,experiments/linear_a_foundry/data/wp5_anchor_inventory.json,json,42901
linear_a_foundry,foundry,experiments/linear_a_foundry/data/wp7_source_register.csv,csv,24080
linear_a_foundry,foundry,experiments/linear_a_foundry/data/wp1_symmetry_break.json,json,2212
linear_a_foundry,foundry,experiments/linear_a_foundry/data/wp4_calibration.json,json,1820
linear_a_foundry,foundry,experiments/linear_a_foundry/data/wp7_source_register.json,json,44659
linear_a_foundry,foundry,experiments/linear_a_foundry/data/wp8_word_reduced_seed_cv.json,json,8720
linear_a_foundry,foundry,experiments/linear_a_foundry/data/wp5_2_seed_propagation_power_curve.json,json,7654
linear_a_foundry,foundry,experiments/linear_a_foundry/data/wp3_cv_recovery.json,json,2576
linear_a_foundry,foundry,experiments/linear_a_foundry/data/wp4_channels.json,json,35986
linear_a_foundry,foundry,experiments/linear_a_foundry/data/wp7_word_substitution_channel.json,json,6534
linear_a_foundry,foundry,experiments/linear_a_foundry/data/la_reduced_value_space.json,json,6899
linear_a_foundry,foundry,experiments/linear_a_foundry/data/candidate_round3_results.json,json,13648
linear_a_foundry,foundry,experiments/linear_a_foundry/data/candidate_round2_results.json,json,12608
linear_a_foundry,foundry,experiments/linear_a_foundry/data/wp4_case_studies.json,json,4496
linear_a_foundry,foundry,experiments/linear_a_foundry/data/wp5_anchor_inventory_records.csv,csv,12815
linear_a_foundry,foundry,experiments/linear_a_foundry/data/candidate_round1_results.json,json,12800
linear_a_foundry,foundry,experiments/linear_a_foundry/manifests/candidate_round3_manifest.json,json,1618
linear_a_foundry,foundry,experiments/linear_a_foundry/manifests/SEAL_5_prospective_gold_anetaki_II.json,json,1798
linear_a_foundry,foundry,experiments/linear_a_foundry/manifests/SEAL_2_unseen_site.json,json,1735
linear_a_foundry,foundry,experiments/linear_a_foundry/manifests/SEAL_1_unseen_inscriptions.json,json,1738
linear_a_foundry,foundry,experiments/linear_a_foundry/manifests/SEAL_3_unseen_formula_family.json,json,1915
linear_a_foundry,foundry,experiments/linear_a_foundry/manifests/SEALS_INDEX.json,json,2150
linear_a_foundry,foundry,experiments/linear_a_foundry/manifests/candidate_round2_manifest.json,json,1607
linear_a_foundry,foundry,experiments/linear_a_foundry/manifests/SEAL_4_masked_notation_reconstruction.json,json,1897
linear_a_foundry,foundry,experiments/linear_a_foundry/prereg/candidate_round1_prereg.json,json,6073
linear_a_foundry,foundry,experiments/linear_a_foundry/prereg/candidate_round3_prereg.json,json,6777
linear_a_foundry,foundry,experiments/linear_a_foundry/prereg/candidate_round2_prereg.json,json,6667
linear_a_relative_phonology,relative-phonology,experiments/linear_a_relative_phonology/SEARCH_RECEIPT.json,json,218
linear_a_relative_phonology,relative-phonology,experiments/linear_a_relative_phonology/DECISION_LOG.md,md,1904
linear_a_relative_phonology,relative-phonology,experiments/linear_a_relative_phonology/STATUS.md,md,591
linear_a_relative_phonology,relative-phonology,experiments/linear_a_relative_phonology/CAMPAIGN.md,md,3085
linear_a_relative_phonology,relative-phonology,experiments/linear_a_relative_phonology/ASSUMPTION_REGISTER.json,json,529
linear_a_relative_phonology,relative-phonology,experiments/linear_a_relative_phonology/LICENCE_STATE.json,json,676
linear_a_relative_phonology,relative-phonology,experiments/linear_a_relative_phonology/SOURCE_REGISTER.csv,csv,127
linear_a_relative_phonology,relative-phonology,experiments/linear_a_relative_phonology/INFORMATION_BUDGET.json,json,254
linear_a_relative_phonology,relative-phonology,experiments/linear_a_relative_phonology/TASK_LEDGER.yaml,yaml,22447
linear_a_relative_phonology,relative-phonology,experiments/linear_a_relative_phonology/CHECKPOINTS/checkpoint_02.md,md,1320
linear_a_relative_phonology,relative-phonology,experiments/linear_a_relative_phonology/CHECKPOINTS/checkpoint_03.md,md,1443
linear_a_relative_phonology,relative-phonology,experiments/linear_a_relative_phonology/CHECKPOINTS/checkpoint_01.md,md,1288
linear_a_relative_phonology,relative-phonology,experiments/linear_a_relative_phonology/scripts/a3_replications.py,py,18887
linear_a_relative_phonology,relative-phonology,experiments/linear_a_relative_phonology/scripts/a5_degradation_surface.py,py,19870
linear_a_relative_phonology,relative-phonology,experiments/linear_a_relative_phonology/scripts/c4_la_substitution_graph.py,py,23343
linear_a_relative_phonology,relative-phonology,experiments/linear_a_relative_phonology/scripts/i1_robustness.py,py,2842
linear_a_relative_phonology,relative-phonology,experiments/linear_a_relative_phonology/scripts/b3_known_script_segmentation.py,py,35826
linear_a_relative_phonology,relative-phonology,experiments/linear_a_relative_phonology/scripts/f2_known_script_calibration.py,py,15439
linear_a_relative_phonology,relative-phonology,experiments/linear_a_relative_phonology/scripts/k1_adaptive_null.py,py,25867
linear_a_relative_phonology,relative-phonology,experiments/linear_a_relative_phonology/scripts/f1_evidence_decomposition.py,py,25565
linear_a_relative_phonology,relative-phonology,experiments/linear_a_relative_phonology/scripts/e3_crosssite.py,py,13152
linear_a_relative_phonology,relative-phonology,experiments/linear_a_relative_phonology/scripts/a6_nulls.py,py,25920
linear_a_relative_phonology,relative-phonology,experiments/linear_a_relative_phonology/scripts/g2_high_value_anchors.py,py,24662
linear_a_relative_phonology,relative-phonology,experiments/linear_a_relative_phonology/scripts/d2_view_ablations.py,py,15252
linear_a_relative_phonology,relative-phonology,experiments/linear_a_relative_phonology/scripts/a4_grouped.py,py,23453
linear_a_relative_phonology,relative-phonology,experiments/linear_a_relative_phonology/scripts/g1_anchor_audit.py,py,14087
linear_a_relative_phonology,relative-phonology,experiments/linear_a_relative_phonology/scripts/d4_minimal_seed_frontier.py,py,14398
linear_a_relative_phonology,relative-phonology,experiments/linear_a_relative_phonology/scripts/g3_seed_quality.py,py,14944
linear_a_relative_phonology,relative-phonology,experiments/linear_a_relative_phonology/scripts/d3_seed_propagation_audit.py,py,18636
linear_a_relative_phonology,relative-phonology,experiments/linear_a_relative_phonology/scripts/l_ingest_parsers.py,py,6805
linear_a_relative_phonology,relative-phonology,experiments/linear_a_relative_phonology/scripts/e4_parameter_reduction.py,py,21919
linear_a_relative_phonology,relative-phonology,experiments/linear_a_relative_phonology/scripts/c5_stability_infogain.py,py,25907
linear_a_relative_phonology,relative-phonology,experiments/linear_a_relative_phonology/scripts/h3_candidate_round3.py,py,27393
linear_a_relative_phonology,relative-phonology,experiments/linear_a_relative_phonology/scripts/l_source_watch_build.py,py,1464
linear_a_relative_phonology,relative-phonology,experiments/linear_a_relative_phonology/scripts/d5_relative_posterior.py,py,20871
linear_a_relative_phonology,relative-phonology,experiments/linear_a_relative_phonology/scripts/j2_build_seals.py,py,34159
linear_a_relative_phonology,relative-phonology,experiments/linear_a_relative_phonology/scripts/h1_candidate_round1.py,py,17656
linear_a_relative_phonology,relative-phonology,experiments/linear_a_relative_phonology/scripts/e2_formula_grammar.py,py,19028
linear_a_relative_phonology,relative-phonology,experiments/linear_a_relative_phonology/scripts/e5_wrong_structure.py,py,26018
linear_a_relative_phonology,relative-phonology,experiments/linear_a_relative_phonology/scripts/j1_build_exposure.py,py,13433
linear_a_relative_phonology,relative-phonology,experiments/linear_a_relative_phonology/scripts/b5_la_segmentation_ensemble.py,py,16208
linear_a_relative_phonology,relative-phonology,experiments/linear_a_relative_phonology/scripts/g3_compound_systems.py,py,12984
linear_a_relative_phonology,relative-phonology,experiments/linear_a_relative_phonology/scripts/b4_synthetic_segmentation.py,py,17651
linear_a_relative_phonology,relative-phonology,experiments/linear_a_relative_phonology/scripts/c1_substitution_candidates.py,py,25596
linear_a_relative_phonology,relative-phonology,experiments/linear_a_relative_phonology/scripts/a1_recompute.py,py,12970
linear_a_relative_phonology,relative-phonology,experiments/linear_a_relative_phonology/scripts/h2_candidate_round2.py,py,18218
linear_a_relative_phonology,relative-phonology,experiments/linear_a_relative_phonology/scripts/b1_build_segmentations.py,py,21167
linear_a_relative_phonology,relative-phonology,experiments/linear_a_relative_phonology/scripts/e1_morphology_models.py,py,26302
linear_a_relative_phonology,relative-phonology,experiments/linear_a_relative_phonology/scripts/d1_multiview.py,py,21854
linear_a_relative_phonology,relative-phonology,experiments/linear_a_relative_phonology/scripts/i1_agnostic_search.py,py,21363
linear_a_relative_phonology,relative-phonology,experiments/linear_a_relative_phonology/scripts/a2_multiplicity.py,py,21061
linear_a_relative_phonology,relative-phonology,experiments/linear_a_relative_phonology/scripts/b6_downstream_causal.py,py,22743
linear_a_relative_phonology,relative-phonology,experiments/linear_a_relative_phonology/scripts/f4_loso_relative_class.py,py,25977
linear_a_relative_phonology,relative-phonology,experiments/linear_a_relative_phonology/scripts/g3_anchor_nulls.py,py,32092
linear_a_relative_phonology,relative-phonology,experiments/linear_a_relative_phonology/scripts/c3_lb_calibration.py,py,24818
linear_a_relative_phonology,relative-phonology,experiments/linear_a_relative_phonology/scripts/c_audit.py,py,31716
linear_a_relative_phonology,relative-phonology,experiments/linear_a_relative_phonology/scripts/__pycache__/h1_candidate_round1.cpython-311.pyc,pyc,33301
linear_a_relative_phonology,relative-phonology,experiments/linear_a_relative_phonology/scripts/__pycache__/c1_substitution_candidates.cpython-311.pyc,pyc,41148
linear_a_relative_phonology,relative-phonology,experiments/linear_a_relative_phonology/scripts/__pycache__/c5_stability_infogain.cpython-311.pyc,pyc,40708
linear_a_relative_phonology,relative-phonology,experiments/linear_a_relative_phonology/scripts/__pycache__/e1_morphology_models.cpython-311.pyc,pyc,50778
linear_a_relative_phonology,relative-phonology,experiments/linear_a_relative_phonology/scripts/__pycache__/c4_la_substitution_graph.cpython-311.pyc,pyc,37684
linear_a_relative_phonology,relative-phonology,experiments/linear_a_relative_phonology/scripts/__pycache__/d3_seed_propagation_audit.cpython-311.pyc,pyc,35529
linear_a_relative_phonology,relative-phonology,experiments/linear_a_relative_phonology/scripts/__pycache__/c3_lb_calibration.cpython-311.pyc,pyc,43022
linear_a_relative_phonology,relative-phonology,experiments/linear_a_relative_phonology/scripts/__pycache__/l_ingest_parsers.cpython-311.pyc,pyc,8957
linear_a_relative_phonology,relative-phonology,experiments/linear_a_relative_phonology/scripts/__pycache__/a1_recompute.cpython-311.pyc,pyc,23549
linear_a_relative_phonology,relative-phonology,experiments/linear_a_relative_phonology/scripts/__pycache__/b4_synthetic_segmentation.cpython-311.pyc,pyc,28780
linear_a_relative_phonology,relative-phonology,experiments/linear_a_relative_phonology/scripts/__pycache__/a3_replications.cpython-311.pyc,pyc,38691
linear_a_relative_phonology,relative-phonology,experiments/linear_a_relative_phonology/scripts/__pycache__/i1_agnostic_search.cpython-311.pyc,pyc,42489
linear_a_relative_phonology,relative-phonology,experiments/linear_a_relative_phonology/scripts/__pycache__/a2_multiplicity.cpython-311.pyc,pyc,30217
linear_a_relative_phonology,relative-phonology,experiments/linear_a_relative_phonology/scripts/__pycache__/b3_known_script_segmentation.cpython-311.pyc,pyc,71162
linear_a_relative_phonology,relative-phonology,experiments/linear_a_relative_phonology/scripts/__pycache__/d1_multiview.cpython-311.pyc,pyc,38626
linear_a_relative_phonology,relative-phonology,experiments/linear_a_relative_phonology/tests/test_l_ingest_readiness.py,py,2958
linear_a_relative_phonology,relative-phonology,experiments/linear_a_relative_phonology/reports/B_SEGMENTATION_REPRESENTATIONS.md,md,5251
linear_a_relative_phonology,relative-phonology,experiments/linear_a_relative_phonology/reports/B_SYNTHETIC_SEGMENTATION.md,md,9793
linear_a_relative_phonology,relative-phonology,experiments/linear_a_relative_phonology/reports/WAVE3_SYNTHESIS.md,md,3741
linear_a_relative_phonology,relative-phonology,experiments/linear_a_relative_phonology/reports/WAVE2_SYNTHESIS.md,md,4333
linear_a_relative_phonology,relative-phonology,experiments/linear_a_relative_phonology/reports/M_SYNTHESIS.md,md,1510
linear_a_relative_phonology,relative-phonology,experiments/linear_a_relative_phonology/reports/F_RELATIVE_CLASS_COMPATIBILITY.md,md,5863
linear_a_relative_phonology,relative-phonology,experiments/linear_a_relative_phonology/reports/F_LINEAR_A_LINEAR_B_SUBSETS.md,md,4593
linear_a_relative_phonology,relative-phonology,experiments/linear_a_relative_phonology/reports/D_VIEW_ABLATIONS.md,md,9042
linear_a_relative_phonology,relative-phonology,experiments/linear_a_relative_phonology/reports/E_CROSS_SITE_GENERALIZATION.md,md,6032
linear_a_relative_phonology,relative-phonology,experiments/linear_a_relative_phonology/reports/J_SEAL_REGISTER.md,md,8441
linear_a_relative_phonology,relative-phonology,experiments/linear_a_relative_phonology/reports/F_KNOWN_SCRIPT_CALIBRATION.md,md,9334
linear_a_relative_phonology,relative-phonology,experiments/linear_a_relative_phonology/reports/M_FINAL_VERDICT.md,md,11768
linear_a_relative_phonology,relative-phonology,experiments/linear_a_relative_phonology/reports/B_KNOWN_SCRIPT_BOUNDARY_RECOVERY.md,md,9442
linear_a_relative_phonology,relative-phonology,experiments/linear_a_relative_phonology/reports/G_COMPOUND_SYSTEMS.md,md,5613
linear_a_relative_phonology,relative-phonology,experiments/linear_a_relative_phonology/reports/WAVE4_SYNTHESIS.md,md,4332
linear_a_relative_phonology,relative-phonology,experiments/linear_a_relative_phonology/reports/A_SYNTHESIS_AND_ERRATUM.md,md,3766
linear_a_relative_phonology,relative-phonology,experiments/linear_a_relative_phonology/reports/L_INGESTION_READINESS.md,md,5423
linear_a_relative_phonology,relative-phonology,experiments/linear_a_relative_phonology/reports/D_MINIMAL_SEED_FRONTIER.md,md,7285
linear_a_relative_phonology,relative-phonology,experiments/linear_a_relative_phonology/reports/J_PUBLIC_EXPOSURE_AUDIT.md,md,10063
linear_a_relative_phonology,relative-phonology,experiments/linear_a_relative_phonology/reports/A_END_TO_END_NULLS.md,md,9975
linear_a_relative_phonology,relative-phonology,experiments/linear_a_relative_phonology/reports/C_LINEAR_B_CALIBRATION.md,md,9398
linear_a_relative_phonology,relative-phonology,experiments/linear_a_relative_phonology/reports/D_LINEAR_A_RELATIVE_POSTERIOR.md,md,5093
linear_a_relative_phonology,relative-phonology,experiments/linear_a_relative_phonology/reports/A_DEGRADATION_RESPONSE_SURFACE.md,md,13754
linear_a_relative_phonology,relative-phonology,experiments/linear_a_relative_phonology/reports/H_ROUND_1.md,md,9710
linear_a_relative_phonology,relative-phonology,experiments/linear_a_relative_phonology/reports/k1_run.log,log,236
linear_a_relative_phonology,relative-phonology,experiments/linear_a_relative_phonology/reports/K_ADAPTIVE_FALSE_POSITIVE_RATE.md,md,8048
linear_a_relative_phonology,relative-phonology,experiments/linear_a_relative_phonology/reports/L_SOURCE_WATCH.md,md,6275
linear_a_relative_phonology,relative-phonology,experiments/linear_a_relative_phonology/reports/C_SUBSTITUTION_CHANNEL_AUDIT.md,md,8717
linear_a_relative_phonology,relative-phonology,experiments/linear_a_relative_phonology/reports/F_EVIDENCE_DECOMPOSITION.md,md,5450
linear_a_relative_phonology,relative-phonology,experiments/linear_a_relative_phonology/reports/C_INFORMATION_GAIN.md,md,4100
linear_a_relative_phonology,relative-phonology,experiments/linear_a_relative_phonology/reports/i1_run_free.log,log,356
linear_a_relative_phonology,relative-phonology,experiments/linear_a_relative_phonology/reports/H_ROUND_2.md,md,9426
linear_a_relative_phonology,relative-phonology,experiments/linear_a_relative_phonology/reports/B_DOWNSTREAM_CAUSAL_TEST.md,md,6608
linear_a_relative_phonology,relative-phonology,experiments/linear_a_relative_phonology/reports/C_CANDIDATE_SUBSTITUTIONS.md,md,11173
linear_a_relative_phonology,relative-phonology,experiments/linear_a_relative_phonology/reports/G_NEW_HIGH_VALUE_ANCHORS.md,md,11515
linear_a_relative_phonology,relative-phonology,experiments/linear_a_relative_phonology/reports/D_MULTIVIEW_RELATIVE_FEATURES.md,md,6584
linear_a_relative_phonology,relative-phonology,experiments/linear_a_relative_phonology/reports/E_MORPHOLOGY_MODELS.md,md,8234
linear_a_relative_phonology,relative-phonology,experiments/linear_a_relative_phonology/reports/H_ROUND_3.md,md,10365
linear_a_relative_phonology,relative-phonology,experiments/linear_a_relative_phonology/reports/I_EQUIVALENCE_CLASSES.md,md,4597
linear_a_relative_phonology,relative-phonology,experiments/linear_a_relative_phonology/reports/C_STABILITY_AND_NULLS.md,md,7032
linear_a_relative_phonology,relative-phonology,experiments/linear_a_relative_phonology/reports/E_PARAMETER_REDUCTION.md,md,8251
linear_a_relative_phonology,relative-phonology,experiments/linear_a_relative_phonology/reports/F_CYPRO_MINOAN_SENSITIVITY.md,md,4348
linear_a_relative_phonology,relative-phonology,experiments/linear_a_relative_phonology/reports/A_INDEPENDENT_REPLICATIONS.md,md,7387
linear_a_relative_phonology,relative-phonology,experiments/linear_a_relative_phonology/reports/I_AGNOSTIC_SEARCH_RESULTS.md,md,7126
linear_a_relative_phonology,relative-phonology,experiments/linear_a_relative_phonology/reports/A_GROUPED_GENERALIZATION.md,md,8707
linear_a_relative_phonology,relative-phonology,experiments/linear_a_relative_phonology/reports/A_ORIGINAL_RESULT_RECONSTRUCTION.md,md,6615
linear_a_relative_phonology,relative-phonology,experiments/linear_a_relative_phonology/reports/D_SEED_PROPAGATION_AUDIT.md,md,7450
linear_a_relative_phonology,relative-phonology,experiments/linear_a_relative_phonology/reports/K_NULL_RESULTS.md,md,5913
linear_a_relative_phonology,relative-phonology,experiments/linear_a_relative_phonology/reports/G_EXISTING_ANCHOR_AUDIT.md,md,7569
linear_a_relative_phonology,relative-phonology,experiments/linear_a_relative_phonology/reports/F_LEAVE_ONE_SIGN_OUT.md,md,6228
linear_a_relative_phonology,relative-phonology,experiments/linear_a_relative_phonology/reports/L_EXPECTED_INFORMATION_GAIN.md,md,6897
linear_a_relative_phonology,relative-phonology,experiments/linear_a_relative_phonology/reports/E_FORMULA_GRAMMAR.md,md,9093
linear_a_relative_phonology,relative-phonology,experiments/linear_a_relative_phonology/reports/K_NULL_SPEC.md,md,5547
linear_a_relative_phonology,relative-phonology,experiments/linear_a_relative_phonology/reports/I_AGNOSTIC_SEARCH_SPEC.md,md,8372
linear_a_relative_phonology,relative-phonology,experiments/linear_a_relative_phonology/reports/i1_run.log,log,465
linear_a_relative_phonology,relative-phonology,experiments/linear_a_relative_phonology/reports/C_LINEAR_A_SUBSTITUTION_GRAPH.md,md,8593
linear_a_relative_phonology,relative-phonology,experiments/linear_a_relative_phonology/reports/E_WRONG_STRUCTURE_CONTROLS.md,md,7148
linear_a_relative_phonology,relative-phonology,experiments/linear_a_relative_phonology/reports/B_LINEAR_A_SEGMENTATION_ENSEMBLE.md,md,8226
linear_a_relative_phonology,relative-phonology,experiments/linear_a_relative_phonology/reports/H_MODEL_COMPARISON.md,md,6680
linear_a_relative_phonology,relative-phonology,experiments/linear_a_relative_phonology/reports/A_MULTIPLICITY_AUDIT.md,md,10528
linear_a_relative_phonology,relative-phonology,experiments/linear_a_relative_phonology/reports/G_ANCHOR_NULLS.md,md,9080
linear_a_relative_phonology,relative-phonology,experiments/linear_a_relative_phonology/reports/G_SEED_QUALITY.md,md,4222
linear_a_relative_phonology,relative-phonology,experiments/linear_a_relative_phonology/manifests/H1_round1_manifest.json,json,313
linear_a_relative_phonology,relative-phonology,experiments/linear_a_relative_phonology/manifests/SEALS_INDEX.json,json,2753
linear_a_relative_phonology,relative-phonology,experiments/linear_a_relative_phonology/manifests/H2_round2_manifest.json,json,495
linear_a_relative_phonology,relative-phonology,experiments/linear_a_relative_phonology/manifests/H3_round3_manifest.json,json,318
linear_a_relative_phonology,relative-phonology,experiments/linear_a_relative_phonology/preregistrations/H_round2_prereg.json,json,7218
linear_a_relative_phonology,relative-phonology,experiments/linear_a_relative_phonology/preregistrations/H_round1_prereg.json,json,13380
linear_a_relative_phonology,relative-phonology,experiments/linear_a_relative_phonology/preregistrations/H_round3_prereg.json,json,12432
linear_a_relative_phonology,relative-phonology,experiments/linear_a_relative_phonology/data/E5_wrongstruct.json,json,4822
linear_a_relative_phonology,relative-phonology,experiments/linear_a_relative_phonology/data/D1_multiview.json,json,7497
linear_a_relative_phonology,relative-phonology,experiments/linear_a_relative_phonology/data/C_audit.json,json,14561
linear_a_relative_phonology,relative-phonology,experiments/linear_a_relative_phonology/data/H3_round3.json,json,24369
linear_a_relative_phonology,relative-phonology,experiments/linear_a_relative_phonology/data/A6_nulls.json,json,5983
linear_a_relative_phonology,relative-phonology,experiments/linear_a_relative_phonology/data/A5_surface.json,json,30349
linear_a_relative_phonology,relative-phonology,experiments/linear_a_relative_phonology/data/F2_calibration.json,json,3988
linear_a_relative_phonology,relative-phonology,experiments/linear_a_relative_phonology/data/F1_decompose.json,json,119599
linear_a_relative_phonology,relative-phonology,experiments/linear_a_relative_phonology/data/I1_agnostic.json,json,13154
linear_a_relative_phonology,relative-phonology,experiments/linear_a_relative_phonology/data/C1_candidates.json,json,8045832
linear_a_relative_phonology,relative-phonology,experiments/linear_a_relative_phonology/data/J1_exposure.json,json,10712
linear_a_relative_phonology,relative-phonology,experiments/linear_a_relative_phonology/data/B6.json,json,14777
linear_a_relative_phonology,relative-phonology,experiments/linear_a_relative_phonology/data/E1_morphology.json,json,84082
linear_a_relative_phonology,relative-phonology,experiments/linear_a_relative_phonology/data/C_la_graph.json,json,23780
linear_a_relative_phonology,relative-phonology,experiments/linear_a_relative_phonology/data/D3_seed_audit.json,json,8933
linear_a_relative_phonology,relative-phonology,experiments/linear_a_relative_phonology/data/F4_loso.json,json,44726
linear_a_relative_phonology,relative-phonology,experiments/linear_a_relative_phonology/data/B3_known_script.json,json,8837
linear_a_relative_phonology,relative-phonology,experiments/linear_a_relative_phonology/data/B4_synthetic.json,json,79828
linear_a_relative_phonology,relative-phonology,experiments/linear_a_relative_phonology/data/E3_crosssite.json,json,30059
linear_a_relative_phonology,relative-phonology,experiments/linear_a_relative_phonology/data/I1_agnostic_free_objective_collapse.json,json,11092
linear_a_relative_phonology,relative-phonology,experiments/linear_a_relative_phonology/data/A3_replications.json,json,20855
linear_a_relative_phonology,relative-phonology,experiments/linear_a_relative_phonology/data/H2_round2.json,json,20253
linear_a_relative_phonology,relative-phonology,experiments/linear_a_relative_phonology/data/E4_paramreduce.json,json,12608
linear_a_relative_phonology,relative-phonology,experiments/linear_a_relative_phonology/data/K1_nulls.json,json,7428
linear_a_relative_phonology,relative-phonology,experiments/linear_a_relative_phonology/data/E2_formula.json,json,16860
linear_a_relative_phonology,relative-phonology,experiments/linear_a_relative_phonology/data/D_la_posterior.json,json,48494
linear_a_relative_phonology,relative-phonology,experiments/linear_a_relative_phonology/data/C5_stability.json,json,16234
linear_a_relative_phonology,relative-phonology,experiments/linear_a_relative_phonology/data/A1_recompute.json,json,2208
linear_a_relative_phonology,relative-phonology,experiments/linear_a_relative_phonology/data/A4_grouped.json,json,41671
linear_a_relative_phonology,relative-phonology,experiments/linear_a_relative_phonology/data/H1_round1.json,json,21486
linear_a_relative_phonology,relative-phonology,experiments/linear_a_relative_phonology/data/C3_lb_calibration.json,json,12497
linear_a_relative_phonology,relative-phonology,experiments/linear_a_relative_phonology/data/D2_ablations.json,json,24721
linear_a_relative_phonology,relative-phonology,experiments/linear_a_relative_phonology/data/A2_multiplicity.json,json,6897
linear_a_relative_phonology,relative-phonology,experiments/linear_a_relative_phonology/data/D4_frontier.json,json,21612
linear_a_relative_phonology,relative-phonology,experiments/linear_a_relative_phonology/data/segmentations/SEG_ROW.json,json,751274
linear_a_relative_phonology,relative-phonology,experiments/linear_a_relative_phonology/data/segmentations/SEG_MULTI_SCALE.json,json,1200708
linear_a_relative_phonology,relative-phonology,experiments/linear_a_relative_phonology/data/segmentations/SEG_DIPLOMATIC.json,json,354406
linear_a_relative_phonology,relative-phonology,experiments/linear_a_relative_phonology/data/segmentations/SEG_FORMULA.json,json,581357
linear_a_relative_phonology,relative-phonology,experiments/linear_a_relative_phonology/data/segmentations/SEG_PROBABILISTIC_BOUNDARY.json,json,774708
linear_a_relative_phonology,relative-phonology,experiments/linear_a_relative_phonology/data/segmentations/SEG_GORILA_WORD.json,json,745642
linear_a_relative_phonology,relative-phonology,experiments/linear_a_relative_phonology/data/segmentations/SEG_INSCRIPTION_CONTEXT.json,json,505810
linear_a_relative_phonology,relative-phonology,experiments/linear_a_relative_phonology/data/segmentations/SEG_ENTRY.json,json,291615
linear_a_relative_phonology,relative-phonology,experiments/linear_a_relative_phonology/data/segmentations/_SUMMARY.json,json,2327
linear_a_relative_phonology,relative-phonology,experiments/linear_a_relative_phonology/data/segmentations/la_ensemble.json,json,1679251
linear_a_relative_phonology,relative-phonology,experiments/linear_a_relative_phonology/data/seal_targets/SEAL_4_target.json,json,1973
linear_a_relative_phonology,relative-phonology,experiments/linear_a_relative_phonology/data/seal_targets/SEAL_2_target.json,json,363
linear_a_relative_phonology,relative-phonology,experiments/linear_a_relative_phonology/data/seal_targets/SEAL_3_target.json,json,423
linear_a_relative_phonology,relative-phonology,experiments/linear_a_relative_phonology/data/seal_targets/SEAL_5_target.json,json,585
linear_a_relative_phonology,relative-phonology,experiments/linear_a_relative_phonology/data/candidates_v2/H3_round3.json,json,24369
linear_a_relative_phonology,relative-phonology,experiments/linear_a_relative_phonology/data/candidates_v2/H1_round1.json,json,21486
linear_a_relative_phonology,relative-phonology,experiments/linear_a_relative_phonology/data/candidates_v2/H2_round2.json,json,20253
linear_a_relative_phonology,relative-phonology,experiments/linear_a_relative_phonology/data/anchors_v2/compound_systems.json,json,6349
linear_a_relative_phonology,relative-phonology,experiments/linear_a_relative_phonology/data/anchors_v2/audit.json,json,128867
linear_a_relative_phonology,relative-phonology,experiments/linear_a_relative_phonology/data/anchors_v2/seeds.json,json,57018
linear_a_relative_phonology,relative-phonology,experiments/linear_a_relative_phonology/data/anchors_v2/anchor_nulls.json,json,17536
linear_a_relative_phonology,relative-phonology,experiments/linear_a_relative_phonology/data/anchors_v2/expanded.json,json,22280
linear_a_relative_phonology,relative-phonology,experiments/linear_a_relative_phonology/data/source_watch/watch.json,json,15810
linear_a_relative_phonology,relative-phonology,experiments/linear_a_relative_phonology/data/source_watch/J1_web_capture_2026-07-07.txt,txt,3317
linear_a_relative_phonology,relative-phonology,experiments/linear_a_relative_phonology/seals/SEAL_4.json,json,1414
linear_a_relative_phonology,relative-phonology,experiments/linear_a_relative_phonology/seals/SEAL_5.json,json,1582
linear_a_relative_phonology,relative-phonology,experiments/linear_a_relative_phonology/seals/ANETAKI_FINAL_EDITION_DELTA_SEAL.json,json,4127
linear_a_relative_phonology,relative-phonology,experiments/linear_a_relative_phonology/seals/SEAL_3.json,json,2224
linear_a_relative_phonology,relative-phonology,experiments/linear_a_relative_phonology/seals/SEAL_2.json,json,1477
di_mino_301_audit,di-mino,experiments/di_mino_301_audit/CAMPAIGN.md,md,2596
di_mino_301_audit,di-mino,experiments/di_mino_301_audit/DECISION_LOG.md,md,2586
di_mino_301_audit,di-mino,experiments/di_mino_301_audit/TASK_LEDGER.yaml,yaml,4728
di_mino_301_audit,di-mino,experiments/di_mino_301_audit/STATUS.md,md,856
di_mino_301_audit,di-mino,experiments/di_mino_301_audit/scripts/end_to_end_null.py,py,24079
di_mino_301_audit,di-mino,experiments/di_mino_301_audit/scripts/C_morphology_audit.py,py,26288
di_mino_301_audit,di-mino,experiments/di_mino_301_audit/scripts/E_full_formula_audit.py,py,18684
di_mino_301_audit,di-mino,experiments/di_mino_301_audit/scripts/PC_positive_controls.py,py,25618
di_mino_301_audit,di-mino,experiments/di_mino_301_audit/scripts/A_exhaustive_301_value_audit.py,py,29168
di_mino_301_audit,di-mino,experiments/di_mino_301_audit/scripts/build_libation_formula_corpus.py,py,11429
di_mino_301_audit,di-mino,experiments/di_mino_301_audit/scripts/segmentation_compare.py,py,14129
di_mino_301_audit,di-mino,experiments/di_mino_301_audit/scripts/D_leave_one_site_out.py,py,27918
di_mino_301_audit,di-mino,experiments/di_mino_301_audit/scripts/B_semitic_root_gloss_audit.py,py,47870
di_mino_301_audit,di-mino,experiments/di_mino_301_audit/scripts/__pycache__/PC_positive_controls.cpython-311.pyc,pyc,45646
di_mino_301_audit,di-mino,experiments/di_mino_301_audit/scripts/__pycache__/B_semitic_root_gloss_audit.cpython-311.pyc,pyc,56323
di_mino_301_audit,di-mino,experiments/di_mino_301_audit/scripts/__pycache__/A_exhaustive_301_value_audit.cpython-311.pyc,pyc,40504
di_mino_301_audit,di-mino,experiments/di_mino_301_audit/reports/C_ALTERNATIVE_ANALYSES.md,md,6958
di_mino_301_audit,di-mino,experiments/di_mino_301_audit/reports/H_LOGOGRAM_CORRECTIONS.md,md,524
di_mino_301_audit,di-mino,experiments/di_mino_301_audit/reports/B_GLOSS_SPECIFICITY.md,md,3709
di_mino_301_audit,di-mino,experiments/di_mino_301_audit/reports/VERDICT_FRAMING_CONSTRAINTS.md,md,2822
di_mino_301_audit,di-mino,experiments/di_mino_301_audit/reports/D_LEAVE_ONE_SITE_OUT.md,md,5264
di_mino_301_audit,di-mino,experiments/di_mino_301_audit/reports/00_PRIOR_TEST_CENSUS.md,md,3847
di_mino_301_audit,di-mino,experiments/di_mino_301_audit/reports/END_TO_END_NULL_SPEC.md,md,6215
di_mino_301_audit,di-mino,experiments/di_mino_301_audit/reports/G_408_LEXICON_AUDIT.md,md,1257
di_mino_301_audit,di-mino,experiments/di_mino_301_audit/reports/FINAL_DI_MINO_CLAIM_VERDICT.md,md,10149
di_mino_301_audit,di-mino,experiments/di_mino_301_audit/reports/03_LIBATION_FORMULA_CORPUS.md,md,7824
di_mino_301_audit,di-mino,experiments/di_mino_301_audit/reports/C_EXACT_MORPHOLOGY_AUDIT.md,md,8561
di_mino_301_audit,di-mino,experiments/di_mino_301_audit/reports/H_LINEAR_B_CORRECTIONS.md,md,765
di_mino_301_audit,di-mino,experiments/di_mino_301_audit/reports/02_CLAIM_GRAPH_AND_FREE_PARAMETER_RECEIPT.md,md,4044
di_mino_301_audit,di-mino,experiments/di_mino_301_audit/reports/A_EXHAUSTIVE_301_VALUE_AUDIT.md,md,5075
di_mino_301_audit,di-mino,experiments/di_mino_301_audit/reports/B_SEMITIC_ROOT_AUDIT.md,md,3415
di_mino_301_audit,di-mino,experiments/di_mino_301_audit/reports/B_ROOT_SEARCH_NULLS.md,md,3931
di_mino_301_audit,di-mino,experiments/di_mino_301_audit/reports/C_PARADIGM_PREDICTIONS.md,md,4192
di_mino_301_audit,di-mino,experiments/di_mino_301_audit/reports/POSITIVE_CONTROL_RESULTS.md,md,7464
di_mino_301_audit,di-mino,experiments/di_mino_301_audit/reports/END_TO_END_NULL_RESULTS.md,md,7501
di_mino_301_audit,di-mino,experiments/di_mino_301_audit/reports/01_PUBLIC_CLAIM_ARCHIVE.md,md,2709
di_mino_301_audit,di-mino,experiments/di_mino_301_audit/reports/E_FULL_FORMULA_AUDIT.md,md,8776
di_mino_301_audit,di-mino,experiments/di_mino_301_audit/reports/04_SEGMENTATION_COMPARISON.md,md,6212
di_mino_301_audit,di-mino,experiments/di_mino_301_audit/reports/F_FULL_SIGN_MAP_AUDIT.md,md,1350
di_mino_301_audit,di-mino,experiments/di_mino_301_audit/preregistrations/DI_MINO_EXACT_CLAIM_V1.md,md,4948
di_mino_301_audit,di-mino,experiments/di_mino_301_audit/manifests/di_mino_public_claim.sha256,sha256,271
di_mino_301_audit,di-mino,experiments/di_mino_301_audit/manifests/DI_MINO_EXACT_CLAIM_V1.sha256,sha256,113
di_mino_301_audit,di-mino,experiments/di_mino_301_audit/data/formula_claim_matrix.json,json,27381
di_mino_301_audit,di-mino,experiments/di_mino_301_audit/data/claim_archive/minoan-fig1.png,png,86479
di_mino_301_audit,di-mino,experiments/di_mino_301_audit/data/claim_archive/aiclambake_linear-a_2026-06-16.retrieved.md,md,3411
di_mino_301_audit,di-mino,experiments/di_mino_301_audit/data/results/loso.json,json,9136
di_mino_301_audit,di-mino,experiments/di_mino_301_audit/data/results/morphology.json,json,17790
di_mino_301_audit,di-mino,experiments/di_mino_301_audit/data/results/root_search.json,json,32662
di_mino_301_audit,di-mino,experiments/di_mino_301_audit/data/results/end_to_end_null.json,json,10876
di_mino_301_audit,di-mino,experiments/di_mino_301_audit/data/results/positive_controls.json,json,3896
di_mino_301_audit,di-mino,experiments/di_mino_301_audit/data/results/301_value_sweep.json,json,31324
di_mino_301_audit,di-mino,experiments/di_mino_301_audit/data/results/segmentation_target.json,json,11268
di_mino_301_audit,di-mino,experiments/di_mino_301_audit/data/libation_formula_exact/corpus.json,json,60591
admin_schema,observable,experiments/admin_schema/DECISION_LOG.md,md,7891
admin_schema,observable,experiments/admin_schema/STATUS.md,md,1820
admin_schema,observable,experiments/admin_schema/PROJECT_CHARTER.md,md,3981
admin_schema,observable,experiments/admin_schema/SOURCE_REGISTER.csv,csv,1147
admin_schema,observable,experiments/admin_schema/src/corpus/site_mapping.py,py,2429
admin_schema,observable,experiments/admin_schema/src/corpus/build_linear_a_compatible_graph.py,py,7936
admin_schema,observable,experiments/admin_schema/src/corpus/build_linear_b_graph.py,py,14044
admin_schema,observable,experiments/admin_schema/src/corpus/graph_common.py,py,3904
admin_schema,observable,experiments/admin_schema/src/corpus/formula_clustering.py,py,1250
admin_schema,observable,experiments/admin_schema/src/corpus/linear_a_structural_recovery.py,py,4059
admin_schema,observable,experiments/admin_schema/src/corpus/validate_admin_graph.py,py,3169
admin_schema,observable,experiments/admin_schema/src/corpus/__pycache__/graph_common.cpython-311.pyc,pyc,6829
admin_schema,observable,experiments/admin_schema/src/corpus/__pycache__/formula_clustering.cpython-311.pyc,pyc,2206
admin_schema,observable,experiments/admin_schema/src/corpus/__pycache__/linear_a_structural_recovery.cpython-311.pyc,pyc,6810
admin_schema,observable,experiments/admin_schema/src/corpus/__pycache__/site_mapping.cpython-311.pyc,pyc,3464
admin_schema,observable,experiments/admin_schema/src/pilot/draw_pilot.py,py,5896
admin_schema,observable,experiments/admin_schema/src/pilot/compute_pilot_stats.py,py,7421
admin_schema,observable,experiments/admin_schema/src/human_pilot/draw_human_pilot.py,py,11583
admin_schema,observable,experiments/admin_schema/src/annotation/validate_human_submission.py,py,3535
admin_schema,observable,experiments/admin_schema/src/annotation/compare_human_annotations.py,py,1802
admin_schema,observable,experiments/admin_schema/src/annotation/build_adjudication_packet.py,py,1764
admin_schema,observable,experiments/admin_schema/reviews/stage5/label_transferability_draft.csv,csv,1652
admin_schema,observable,experiments/admin_schema/reviews/stage5/role_ontology_draft.schema.json,json,2528
admin_schema,observable,experiments/admin_schema/reviews/stage5/annotation_guidelines_draft.md,md,1837
admin_schema,observable,experiments/admin_schema/reviews/stage5/gold_tier_rules_draft.md,md,1212
admin_schema,observable,experiments/admin_schema/reviews/stage5/grouping_and_leakage_rules_draft.md,md,1801
admin_schema,observable,experiments/admin_schema/reviews/stage5/ONTOLOGY_REVIEW_PACKET.md,md,4829
admin_schema,observable,experiments/admin_schema/reviews/stage5/projected_class_counts_draft.csv,csv,1571
admin_schema,observable,experiments/admin_schema/reviews/stage5/annotation_qc_plan_draft.md,md,1872
admin_schema,observable,experiments/admin_schema/reviews/stage5/open_decisions.md,md,2965
admin_schema,observable,experiments/admin_schema/data/human_pilot/annotator_A_response_template.csv,csv,3360
admin_schema,observable,experiments/admin_schema/data/human_pilot/human_pilot_manifest.json,json,2216
admin_schema,observable,experiments/admin_schema/data/human_pilot/annotator_B_response_template.csv,csv,3360
admin_schema,observable,experiments/admin_schema/data/policy/open_decisions_resolved.md,md,2969
admin_schema,observable,experiments/admin_schema/data/policy/annotation_qc_thresholds.md,md,1876
admin_schema,observable,experiments/admin_schema/data/policy/projected_class_counts.csv,csv,1571
admin_schema,observable,experiments/admin_schema/data/policy/grouping_and_leakage_rules.md,md,1805
admin_schema,observable,experiments/admin_schema/data/policy/gold_tier_rules.md,md,1216
admin_schema,observable,experiments/admin_schema/data/policy/label_transferability.csv,csv,1652
admin_schema,observable,experiments/admin_schema/data/policy/annotation_guidelines.md,md,1841
admin_schema,observable,experiments/admin_schema/data/policy/feature_sets.csv,csv,1704
admin_schema,observable,experiments/admin_schema/data/schema/admin_document_graph.example.json,json,43503
admin_schema,observable,experiments/admin_schema/data/schema/role_ontology.schema.json,json,2508
admin_schema,observable,experiments/admin_schema/data/schema/admin_document_graph.schema.json,json,5491
admin_schema,observable,experiments/admin_schema/data/schema/feature_transferability.csv,csv,2331
admin_schema,observable,experiments/admin_schema/data/evaluation_only/lb_dephon_vocab.json,json,6238
admin_schema,observable,experiments/admin_schema/data/evaluation_only/la_dephon_vocab.json,json,8938
admin_schema,observable,experiments/admin_schema/data/evaluation_only/lb_source_transliteration.jsonl,jsonl,924544
admin_schema,observable,experiments/admin_schema/data/manifests/stage5_ontology_freeze.json,json,601
admin_schema,observable,experiments/admin_schema/data/manifests/stage4_2_graph_freeze.json,json,2182
admin_schema,observable,experiments/admin_schema/data/manifests/stage4_graph_freeze.sha256,sha256,106
admin_schema,observable,experiments/admin_schema/data/manifests/stage4_graph_freeze.json,json,1136
admin_schema,observable,experiments/admin_schema/data/manifests/stage4_1_graph_freeze.sha256,sha256,108
admin_schema,observable,experiments/admin_schema/data/manifests/stage4_1_graph_freeze.json,json,1915
admin_schema,observable,experiments/admin_schema/data/manifests/stage4_2_graph_freeze.sha256,sha256,56
admin_schema,observable,experiments/admin_schema/data/manifests/human_pilot_sample.sha256,sha256,258
admin_schema,observable,experiments/admin_schema/data/manifests/stage5_ontology_freeze.sha256,sha256,26
admin_schema,observable,experiments/admin_schema/data/pilot/pilot_stats.json,json,1089
admin_schema,observable,experiments/admin_schema/data/pilot/pilot_exclusion_manifest.json,json,11476
admin_schema,observable,experiments/admin_schema/data/prior_art/prior_art_register.csv,csv,17424
admin_schema,observable,experiments/admin_schema/data/prior_art/search_receipts/receipts.md,md,13102
admin_schema,observable,experiments/admin_schema/data/reference/site_crosswalk.csv,csv,784
admin_schema,observable,experiments/admin_schema/data/reference/linear_a_structural_classes.csv,csv,1010
admin_schema,observable,experiments/admin_schema/data/reference/scribe_crosswalk.csv,csv,365
admin_schema,observable,experiments/admin_schema/data/model_visible/lb_reference.json,json,746268
admin_schema,observable,experiments/admin_schema/data/model_visible/lb_graph.jsonl,jsonl,41658678
admin_schema,observable,experiments/admin_schema/data/model_visible/la_graph.jsonl,jsonl,5845683
admin_schema,observable,experiments/admin_schema/tests/test_document_graph_no_semantic_fields.py,py,2208
admin_schema,observable,experiments/admin_schema/tests/test_formula_cluster_blindness.py,py,1175
admin_schema,observable,experiments/admin_schema/tests/test_scribe_crosswalk.py,py,937
admin_schema,observable,experiments/admin_schema/tests/test_site_findspot_separation.py,py,1437
admin_schema,observable,experiments/admin_schema/tests/test_no_duplicate_occurrences.py,py,1519
admin_schema,observable,experiments/admin_schema/tests/test_formula_cluster_fold_safety.py,py,2178
admin_schema,observable,experiments/admin_schema/tests/test_human_annotation_pipeline.py,py,4155
admin_schema,observable,experiments/admin_schema/tests/test_feature_transferability.py,py,1461
admin_schema,observable,experiments/admin_schema/tests/test_linear_a_no_semantic_mapping.py,py,2038
admin_schema,observable,experiments/admin_schema/tests/test_document_graph_schema.py,py,1027
admin_schema,observable,experiments/admin_schema/tests/test_linear_a_structural_channels.py,py,1496
admin_schema,observable,experiments/admin_schema/tests/test_document_graph_determinism.py,py,1355
admin_schema,observable,experiments/admin_schema/tests/test_site_mapping.py,py,1335
admin_schema,observable,experiments/admin_schema/tests/test_graph_cardinality_invariants.py,py,2013
admin_schema,observable,experiments/admin_schema/reports/HUMAN_EXPERT_ANNOTATION_INSTRUCTIONS.md,md,1786
admin_schema,observable,experiments/admin_schema/reports/LINEAR_B_SOURCE_AUDIT.md,md,3936
admin_schema,observable,experiments/admin_schema/reports/HUMAN_EXPERT_GATE_STATUS.md,md,861
admin_schema,observable,experiments/admin_schema/reports/NOVELTY_BOUNDARY.md,md,4988
admin_schema,observable,experiments/admin_schema/reports/LINEAR_A_STRUCTURAL_CHANNEL_AUDIT.md,md,1462
admin_schema,observable,experiments/admin_schema/reports/STAGE5_1_PILOT.md,md,3555
admin_schema,observable,experiments/admin_schema/reports/ROLE_ONTOLOGY.md,md,4582
admin_schema,observable,experiments/admin_schema/reports/LICENSE_AND_REPRODUCIBILITY.md,md,2349
admin_schema,observable,experiments/admin_schema/reports/DOCUMENT_REPRESENTATION_SPEC.md,md,4636
admin_schema,observable,experiments/admin_schema/reports/FEATURE_TRANSFERABILITY_MATRIX.md,md,2440
admin_schema,observable,experiments/admin_schema/reports/LINEAR_A_NOTATION_RESOLUTION.md,md,1798
admin_schema,observable,experiments/admin_schema/reports/SITE_AND_FINDSPOT_AUDIT.md,md,1374
admin_schema,observable,experiments/admin_schema/reports/PRIOR_ART_MATRIX.md,md,3334
admin_schema,observable,experiments/admin_schema/reports/HUMAN_EXPERT_INVITATION_EMAIL.md,md,1410
admin_schema,observable,experiments/admin_schema/reports/HUMAN_PILOT_SAMPLING_PLAN.md,md,1539
admin_schema,observable,experiments/admin_schema/reports/GRAPH_CARDINALITY_AUDIT.md,md,1358
admin_schema,observable,experiments/admin_schema/reports/LINEAR_A_FEATURE_COMPATIBILITY.md,md,4102
admin_schema,observable,experiments/admin_schema/reports/HUMAN_EXPERT_RECRUITMENT_BRIEF.md,md,1317
admin_schema,observable,experiments/admin_schema/reports/AUTO_ANNOTATION_PILOT_CLOSURE.md,md,1037
admin_schema,observable,experiments/admin_schema/reports/FORMULA_CLUSTER_AUDIT.md,md,1151
admin_schema,observable,experiments/admin_schema/reports/SCRIBAL_METADATA_AUDIT.md,md,1185
admin_schema,observable,experiments/admin_schema/reports/STAGE4_1_CORRECTION_SUMMARY.md,md,2894
no_human_structure,observable,experiments/no_human_structure/DECISION_LOG.md,md,3180
no_human_structure,observable,experiments/no_human_structure/PROJECT_CHARTER.md,md,3881
no_human_structure,observable,experiments/no_human_structure/STATUS.md,md,1657
no_human_structure,observable,experiments/no_human_structure/SOURCE_REGISTER.csv,csv,1262
no_human_structure,observable,experiments/no_human_structure/src/source_labels/build_source_labels.py,py,6570
no_human_structure,observable,experiments/no_human_structure/src/source_labels/power_gate.py,py,5288
no_human_structure,observable,experiments/no_human_structure/src/source_labels/lb_indexes.py,py,4058
no_human_structure,observable,experiments/no_human_structure/src/weak_supervision/run_weak_supervision.py,py,5197
no_human_structure,observable,experiments/no_human_structure/src/weak_supervision/labeling_functions.py,py,5962
no_human_structure,observable,experiments/no_human_structure/reports/SOURCE_LABEL_DEPENDENCY_AUDIT.md,md,3334
no_human_structure,observable,experiments/no_human_structure/reports/SOURCE_DERIVED_LABEL_AUDIT.md,md,1762
no_human_structure,observable,experiments/no_human_structure/reports/PRE_STAGE5_POWER_GATE.md,md,2071
no_human_structure,observable,experiments/no_human_structure/reports/WEAK_SUPERVISION_SPEC.md,md,1651
no_human_structure,observable,experiments/no_human_structure/reports/HUMAN_EXPERT_PATH_CLOSURE.md,md,1008
no_human_structure,observable,experiments/no_human_structure/reports/LABEL_FUNCTION_AUDIT.md,md,1269
no_human_structure,observable,experiments/no_human_structure/reports/ROUTE_CLOSURE_AND_PIVOT.md,md,1562
no_human_structure,observable,experiments/no_human_structure/configs/weak_supervision_freeze.json,json,905
no_human_structure,observable,experiments/no_human_structure/data/source_labels/weak_supervision_metrics.json,json,1888
no_human_structure,observable,experiments/no_human_structure/data/source_labels/source_dependency_graph.json,json,2816
no_human_structure,observable,experiments/no_human_structure/data/source_labels/power_gate.json,json,1346
no_human_structure,observable,experiments/no_human_structure/data/source_labels/source_labels_summary.json,json,1367
no_human_structure,observable,experiments/no_human_structure/data/manifests/linear_b_source_labels.sha256,sha256,40
no_human_structure,observable,experiments/no_human_structure/tests/test_source_labels_categories.py,py,1523
no_human_structure,observable,experiments/no_human_structure/tests/test_label_functions.py,py,1321
observable_channels,observable,experiments/observable_channels/PROJECT_CHARTER.md,md,3783
observable_channels,observable,experiments/observable_channels/DECISION_LOG.md,md,2817
observable_channels,observable,experiments/observable_channels/STATUS.md,md,1611
observable_channels,observable,experiments/observable_channels/src/accounting_closure.py,py,5245
observable_channels,observable,experiments/observable_channels/src/cross_site_invariance.py,py,4692
observable_channels,observable,experiments/observable_channels/src/template_completion.py,py,4936
observable_channels,observable,experiments/observable_channels/src/masked_logogram.py,py,7760
observable_channels,observable,experiments/observable_channels/src/masked_quantity.py,py,7807
observable_channels,observable,experiments/observable_channels/src/pseudo_script_o2d8.py,py,5084
observable_channels,observable,experiments/observable_channels/src/__pycache__/cross_site_invariance.cpython-311.pyc,pyc,9822
observable_channels,observable,experiments/observable_channels/src/__pycache__/template_completion.cpython-311.pyc,pyc,10948
observable_channels,observable,experiments/observable_channels/src/__pycache__/accounting_closure.cpython-311.pyc,pyc,10518
observable_channels,observable,experiments/observable_channels/reports/EXPERIMENT5-6_INVARIANCE_PSEUDOSCRIPT.md,md,3211
observable_channels,observable,experiments/observable_channels/reports/EXPERIMENT1_MASKED_LOGOGRAM.md,md,2461
observable_channels,observable,experiments/observable_channels/reports/EXPERIMENT3-4_L2_STRUCTURE.md,md,3527
observable_channels,observable,experiments/observable_channels/reports/EXPERIMENT2_MASKED_QUANTITY.md,md,3967
observable_channels,observable,experiments/observable_channels/reports/GATE_VERDICT.md,md,4051
observable_channels,observable,experiments/observable_channels/results/masked_logogram.json,json,609
observable_channels,observable,experiments/observable_channels/results/pseudo_script_o2d8.json,json,1560
observable_channels,observable,experiments/observable_channels/results/cross_site_invariance.json,json,730
observable_channels,observable,experiments/observable_channels/results/template_completion.json,json,1112
observable_channels,observable,experiments/observable_channels/results/masked_quantity.json,json,1155
observable_channels,observable,experiments/observable_channels/results/accounting_closure.json,json,647
egyptian_calibration,egyptian,experiments/egyptian_calibration/STATUS.md,md,976
egyptian_calibration,egyptian,experiments/egyptian_calibration/PROJECT_CHARTER.md,md,1603
egyptian_calibration,egyptian,experiments/egyptian_calibration/DECISION_LOG.md,md,3968
egyptian_calibration,egyptian,experiments/egyptian_calibration/MATERIAL_REQUESTS.md,md,2084
egyptian_calibration,egyptian,experiments/egyptian_calibration/SOURCE_REGISTER.csv,csv,4544
egyptian_calibration,egyptian,experiments/egyptian_calibration/configs/egyptian_model_freeze.json,json,1576
egyptian_calibration,egyptian,experiments/egyptian_calibration/prereg/prereg_cretan_anchor_test.json,json,7653
egyptian_calibration,egyptian,experiments/egyptian_calibration/prereg/REDTEAM_cretan_prereg_response.md,md,4890
egyptian_calibration,egyptian,experiments/egyptian_calibration/prereg/PREREG_cretan_anchor_test.md,md,14454
egyptian_calibration,egyptian,experiments/egyptian_calibration/prereg/MINT_RECORD.md,md,3260
egyptian_calibration,egyptian,experiments/egyptian_calibration/reports/EGYPTIAN_CALIBRATION_INCLUSION_RULES.md,md,1209
egyptian_calibration,egyptian,experiments/egyptian_calibration/reports/END_TO_END_NULL_RESULTS.md,md,833
egyptian_calibration,egyptian,experiments/egyptian_calibration/reports/EGYPTIAN_CALIBRATION_CORPUS_AUDIT.md,md,754
egyptian_calibration,egyptian,experiments/egyptian_calibration/reports/REQ01_ONLINE_SOURCING_RESEARCH.md,md,5434
egyptian_calibration,egyptian,experiments/egyptian_calibration/reports/LINEAR_B_POSITIVE_CONTROL_VERDICT.md,md,443
egyptian_calibration,egyptian,experiments/egyptian_calibration/reports/EXTERNAL_ZIP_0202_AUDIT.md,md,4905
egyptian_calibration,egyptian,experiments/egyptian_calibration/reports/EGYPTIAN_MODEL_BASELINE_COMPARISON.md,md,602
egyptian_calibration,egyptian,experiments/egyptian_calibration/reports/EGYPTIAN_HOCH_EXTRACTION_ATTEMPT.md,md,2201
egyptian_calibration,egyptian,experiments/egyptian_calibration/reports/EGYPTIAN_MODEL_PREREG_SPEC.md,md,1148
egyptian_calibration,egyptian,experiments/egyptian_calibration/reports/FINAL_EGYPTIAN_CHANNEL_VERDICT.md,md,2325
egyptian_calibration,egyptian,experiments/egyptian_calibration/reports/EGYPTIAN_SOURCE_STATUS_AUDIT.md,md,2263
egyptian_calibration,egyptian,experiments/egyptian_calibration/reports/EGYPTIAN_MODEL_VALIDATION.md,md,846
egyptian_calibration,egyptian,experiments/egyptian_calibration/reports/REQ01_APPARATUS_DETERMINATION.md,md,3989
egyptian_calibration,egyptian,experiments/egyptian_calibration/reports/EGYPTIAN_VISION_EXTRACTION_METHOD.md,md,2321
egyptian_calibration,egyptian,experiments/egyptian_calibration/reports/LINEAR_B_MATCHED_SCARCITY_RESULTS.md,md,692
egyptian_calibration,egyptian,experiments/egyptian_calibration/reports/REQ02_CALIBRATION_SOURCE_STATUS.md,md,1481
egyptian_calibration,egyptian,experiments/egyptian_calibration/reports/TRANSCRIPTION_SENSITIVITY_RESULTS.md,md,575
egyptian_calibration,egyptian,experiments/egyptian_calibration/reports/CRETAN_ANCHOR_RESULT.md,md,5545
egyptian_calibration,egyptian,experiments/egyptian_calibration/reports/BLOCKED_DOWNSTREAM_GATES.md,md,701
egyptian_calibration,egyptian,experiments/egyptian_calibration/reports/EGYPTIAN_CALIBRATION_COVERAGE.md,md,970
egyptian_calibration,egyptian,experiments/egyptian_calibration/reports/EGYPTIAN_CHANNEL_POWER_ENVELOPE.md,md,642
egyptian_calibration,egyptian,experiments/egyptian_calibration/reports/REQ01_PRIMARY_STATUS.md,md,3566
egyptian_calibration,egyptian,experiments/egyptian_calibration/reports/REQ01_EN_COLLATION_FROZEN_TARGETS.md,md,4641
egyptian_calibration,egyptian,experiments/egyptian_calibration/reports/TRANSCRIPTION_UNCERTAINTY_MODEL.md,md,641
egyptian_calibration,egyptian,experiments/egyptian_calibration/reports/EGYPTIAN_CORRESPONDENCE_MODEL.md,md,764
egyptian_calibration,egyptian,experiments/egyptian_calibration/reports/EGYPTIAN_CHANNEL_POWER_VERDICT.md,md,332
egyptian_calibration,egyptian,experiments/egyptian_calibration/src/calibration/verdict.py,py,5010
egyptian_calibration,egyptian,experiments/egyptian_calibration/src/calibration/corpus_holdout.py,py,3469
egyptian_calibration,egyptian,experiments/egyptian_calibration/src/calibration/schema.py,py,4070
egyptian_calibration,egyptian,experiments/egyptian_calibration/src/calibration/build_pool.py,py,4473
egyptian_calibration,egyptian,experiments/egyptian_calibration/src/calibration/cretan_test.py,py,10441
egyptian_calibration,egyptian,experiments/egyptian_calibration/src/calibration/skeleton.py,py,3724
egyptian_calibration,egyptian,experiments/egyptian_calibration/src/calibration/extract_hoch.py,py,5054
egyptian_calibration,egyptian,experiments/egyptian_calibration/src/calibration/gate.py,py,6426
egyptian_calibration,egyptian,experiments/egyptian_calibration/src/calibration/validation.py,py,2970
egyptian_calibration,egyptian,experiments/egyptian_calibration/src/calibration/model.py,py,5148
egyptian_calibration,egyptian,experiments/egyptian_calibration/src/calibration/__pycache__/skeleton.cpython-311.pyc,pyc,4707
egyptian_calibration,egyptian,experiments/egyptian_calibration/src/calibration/__pycache__/validation.cpython-311.pyc,pyc,7808
egyptian_calibration,egyptian,experiments/egyptian_calibration/src/calibration/__pycache__/cretan_test.cpython-311.pyc,pyc,20421
egyptian_calibration,egyptian,experiments/egyptian_calibration/src/calibration/__pycache__/schema.cpython-311.pyc,pyc,5223
egyptian_calibration,egyptian,experiments/egyptian_calibration/src/calibration/__pycache__/verdict.cpython-311.pyc,pyc,7420
egyptian_calibration,egyptian,experiments/egyptian_calibration/src/calibration/__pycache__/model.cpython-311.pyc,pyc,11131
egyptian_calibration,egyptian,experiments/egyptian_calibration/results/gate.json,json,1629
egyptian_calibration,egyptian,experiments/egyptian_calibration/results/cretan_oneshot_verdict.json,json,767
egyptian_calibration,egyptian,experiments/egyptian_calibration/results/final_verdict.json,json,1611
egyptian_calibration,egyptian,experiments/egyptian_calibration/results/model_validation.json,json,619
egyptian_calibration,egyptian,experiments/egyptian_calibration/frozen/cretan_confirmatory_targets.json,json,8487
egyptian_calibration,egyptian,experiments/egyptian_calibration/frozen/plan_manifest.json,json,1254
egyptian_calibration,egyptian,experiments/egyptian_calibration/frozen/corpus_holdout_manifest.json,json,3204
egyptian_calibration,egyptian,experiments/egyptian_calibration/frozen/lb_toponym_pool.json,json,15119
egyptian_calibration,egyptian,experiments/egyptian_calibration/data/gold/egyptian_calibration_handverified.jsonl,jsonl,34628
egyptian_calibration,egyptian,experiments/egyptian_calibration/data/gold/egyptian_calibration_heldout.jsonl,jsonl,26628
egyptian_calibration,egyptian,experiments/egyptian_calibration/data/bronze/egyptian_foreign_forms.jsonl,jsonl,60360
egyptian_calibration,egyptian,experiments/egyptian_calibration/data/bronze/pdf_local/kitchen2009_nk-topo-lists_memphis.pdf,pdf,44109
egyptian_calibration,egyptian,experiments/egyptian_calibration/data/bronze/pdf_local/egyptology-archive-vol60-2004.pdf,pdf,50788306
egyptian_calibration,egyptian,experiments/egyptian_calibration/data/bronze/pdf_local/mainz_komelhetan_bibliography_2024.pdf,pdf,164062
egyptian_calibration,egyptian,experiments/egyptian_calibration/data/bronze/pdf_local/edel-gorg2005_ortsnamenlisten-noerdlicher-saeulenhof.pdf,pdf,21306059
egyptian_calibration,egyptian,experiments/egyptian_calibration/data/bronze/pdf_local/aegean-list-mapping_kom-el-hetan.pdf,pdf,4071825
egyptian_calibration,egyptian,experiments/egyptian_calibration/data/manifests/egyptian_calibration_primary.sha256,sha256,165
egyptian_calibration,egyptian,experiments/egyptian_calibration/data/manifests/egyptian_model_freeze.sha256,sha256,132
egyptian_calibration,egyptian,experiments/egyptian_calibration/tests/test_egyptian_verdict.py,py,1304
egyptian_calibration,egyptian,experiments/egyptian_calibration/tests/test_egyptian_schema.py,py,1327
egyptian_calibration,egyptian,experiments/egyptian_calibration/tests/__pycache__/test_egyptian_schema.cpython-311-pytest-9.0.2.pyc,pyc,13583
egyptian_calibration,egyptian,experiments/egyptian_calibration/tests/__pycache__/test_egyptian_verdict.cpython-311-pytest-9.0.2.pyc,pyc,8124
external_anchors,la-lb-ritual,experiments/external_anchors/PROJECT_CHARTER.md,md,5814
external_anchors,la-lb-ritual,experiments/external_anchors/.gitignore,gitignore,432
external_anchors,la-lb-ritual,experiments/external_anchors/ROADMAP.md,md,3471
external_anchors,la-lb-ritual,experiments/external_anchors/STATUS.md,md,5900
external_anchors,la-lb-ritual,experiments/external_anchors/SOURCE_REGISTER.csv,csv,9475
external_anchors,la-lb-ritual,experiments/external_anchors/MATERIAL_REQUESTS.md,md,10516
external_anchors,la-lb-ritual,experiments/external_anchors/DECISION_LOG.md,md,3955
external_anchors,la-lb-ritual,experiments/external_anchors/README.md,md,2153
external_anchors,la-lb-ritual,experiments/external_anchors/DATA_DICTIONARY.md,md,4831
external_anchors,la-lb-ritual,experiments/external_anchors/anchors/administrative/mari_kaptara.bronze.jsonl,jsonl,12284
external_anchors,la-lb-ritual,experiments/external_anchors/anchors/toponyms/komelhetan.bronze.jsonl,jsonl,13060
external_anchors,la-lb-ritual,experiments/external_anchors/anchors/personal_names/ea5647_keftiu.bronze.jsonl,jsonl,10255
external_anchors,la-lb-ritual,experiments/external_anchors/reports/SLOT_CLASSIFIER_AUDIT.md,md,2862
external_anchors,la-lb-ritual,experiments/external_anchors/reports/LINEAR_B_POSITIVE_CONTROL_DESIGN.md,md,1181
external_anchors,la-lb-ritual,experiments/external_anchors/reports/POWER_ASSUMPTIONS.md,md,2162
external_anchors,la-lb-ritual,experiments/external_anchors/reports/SLOT_CLASSIFIER_SPEC.md,md,3905
external_anchors,la-lb-ritual,experiments/external_anchors/reports/EGYPTIAN_CALIBRATION_CORPUS_AUDIT.md,md,4948
external_anchors,la-lb-ritual,experiments/external_anchors/reports/ADAPTIVE_CHOICE_INVENTORY.md,md,2719
external_anchors,la-lb-ritual,experiments/external_anchors/reports/SEARCH_RECEIPT_SPEC.md,md,1117
external_anchors,la-lb-ritual,experiments/external_anchors/reports/LINEAR_B_MATCHED_SCARCITY_PROTOCOL.md,md,3324
external_anchors,la-lb-ritual,experiments/external_anchors/reports/EGYPTIAN_CALIBRATION_INCLUSION_RULES.md,md,2793
external_anchors,la-lb-ritual,experiments/external_anchors/reports/SLOT_MANIFEST_REPRODUCIBILITY.md,md,915
external_anchors,la-lb-ritual,experiments/external_anchors/reports/END_TO_END_NULL_SPEC.md,md,2569
external_anchors,la-lb-ritual,experiments/external_anchors/reports/TOPONYM_POWER_ENVELOPE.md,md,3083
external_anchors,la-lb-ritual,experiments/external_anchors/experiments/power/power_sim.py,py,6678
external_anchors,la-lb-ritual,experiments/external_anchors/src/slot_classifier/build_manifest.py,py,2150
external_anchors,la-lb-ritual,experiments/external_anchors/src/slot_classifier/slotlib.py,py,9349
external_anchors,la-lb-ritual,experiments/external_anchors/src/slot_classifier/__init__.py,py,0
external_anchors,la-lb-ritual,experiments/external_anchors/src/slot_classifier/__pycache__/slotlib.cpython-311.pyc,pyc,14864
external_anchors,la-lb-ritual,experiments/external_anchors/src/positive_control/degrade.py,py,839
external_anchors,la-lb-ritual,experiments/external_anchors/src/positive_control/__init__.py,py,0
external_anchors,la-lb-ritual,experiments/external_anchors/src/nulls/nulllib.py,py,2913
external_anchors,la-lb-ritual,experiments/external_anchors/src/nulls/__init__.py,py,0
external_anchors,la-lb-ritual,experiments/external_anchors/data/manifests/slot_candidate_manifest.sha256,sha256,366
external_anchors,la-lb-ritual,experiments/external_anchors/data/manifests/linear_a_inputs.sha256,sha256,1137
external_anchors,la-lb-ritual,experiments/external_anchors/data/manifests/acquired_sources.sha256,sha256,1764
external_anchors,la-lb-ritual,experiments/external_anchors/tests/test_nulls_structure.py,py,1287
external_anchors,la-lb-ritual,experiments/external_anchors/tests/test_slot_classifier_rules.py,py,2635
external_anchors,la-lb-ritual,experiments/external_anchors/tests/test_slot_manifest_reproducibility.py,py,1597
external_anchors,la-lb-ritual,experiments/external_anchors/tests/test_slot_classifier_leakage.py,py,2888
external_anchors,la-lb-ritual,experiments/external_anchors/tests/test_positive_control_degrade.py,py,730
external_anchors,la-lb-ritual,experiments/external_anchors/bibliography/source_notes/2026-07-06_pdf_acquisition_audit.md,md,3538
external_anchors,la-lb-ritual,experiments/external_anchors/bibliography/source_notes/2026-07-06_salgarella_lecture_audit.md,md,5932
external_anchors,la-lb-ritual,experiments/external_anchors/nulls/configs/toponym_null.json,json,482
la_lb_continuity,la-lb-ritual,experiments/la_lb_continuity/DECISION_LOG.md,md,10101
la_lb_continuity,la-lb-ritual,experiments/la_lb_continuity/STATUS.md,md,2929
la_lb_continuity,la-lb-ritual,experiments/la_lb_continuity/SOURCE_REGISTER.csv,csv,2006
la_lb_continuity,la-lb-ritual,experiments/la_lb_continuity/PROJECT_CHARTER.md,md,5172
la_lb_continuity,la-lb-ritual,experiments/la_lb_continuity/src/continuity/heldout.py,py,4520
la_lb_continuity,la-lb-ritual,experiments/la_lb_continuity/src/continuity/partitions.py,py,3579
la_lb_continuity,la-lb-ritual,experiments/la_lb_continuity/src/continuity/nulls.py,py,5755
la_lb_continuity,la-lb-ritual,experiments/la_lb_continuity/src/continuity/model.py,py,4763
la_lb_continuity,la-lb-ritual,experiments/la_lb_continuity/src/continuity/verdict.py,py,4473
la_lb_continuity,la-lb-ritual,experiments/la_lb_continuity/src/continuity/cfg.py,py,1601
la_lb_continuity,la-lb-ritual,experiments/la_lb_continuity/src/continuity/circularity.py,py,3896
la_lb_continuity,la-lb-ritual,experiments/la_lb_continuity/src/continuity/controls.py,py,5702
la_lb_continuity,la-lb-ritual,experiments/la_lb_continuity/src/continuity/power.py,py,7354
la_lb_continuity,la-lb-ritual,experiments/la_lb_continuity/src/sigla_reconcile/reconcile.py,py,10758
la_lb_continuity,la-lb-ritual,experiments/la_lb_continuity/src/sigla_reconcile/config.py,py,1675
la_lb_continuity,la-lb-ritual,experiments/la_lb_continuity/src/known_pairs/build_known_pairs.py,py,7690
la_lb_continuity,la-lb-ritual,experiments/la_lb_continuity/src/ab_equivalence/build_equivalence.py,py,6439
la_lb_continuity,la-lb-ritual,experiments/la_lb_continuity/src/candidate_freeze/build_la_candidates.py,py,8668
la_lb_continuity,la-lb-ritual,experiments/la_lb_continuity/src/common/syllabary.py,py,3463
la_lb_continuity,la-lb-ritual,experiments/la_lb_continuity/src/common/__pycache__/syllabary.cpython-311.pyc,pyc,6230
la_lb_continuity,la-lb-ritual,experiments/la_lb_continuity/src/target_build/build_lb_targets.py,py,7438
la_lb_continuity,la-lb-ritual,experiments/la_lb_continuity/data/quarantine/known_persistence_pairs.jsonl,jsonl,9550
la_lb_continuity,la-lb-ritual,experiments/la_lb_continuity/data/manifests/lb_toponym_target_manifest.sha256,sha256,134
la_lb_continuity,la-lb-ritual,experiments/la_lb_continuity/data/manifests/la_candidate_packet.sha256,sha256,130
la_lb_continuity,la-lb-ritual,experiments/la_lb_continuity/data/manifests/ab_sign_equivalence.sha256,sha256,122
la_lb_continuity,la-lb-ritual,experiments/la_lb_continuity/data/manifests/reconcile_inputs.sha256,sha256,602
la_lb_continuity,la-lb-ritual,experiments/la_lb_continuity/data/manifests/reconcile_inputs.json,json,744
la_lb_continuity,la-lb-ritual,experiments/la_lb_continuity/data/manifests/known_persistence_pairs.sha256,sha256,139
la_lb_continuity,la-lb-ritual,experiments/la_lb_continuity/data/manifests/administrative_channel_closure.json,json,1061
la_lb_continuity,la-lb-ritual,experiments/la_lb_continuity/data/manifests/administrative_channel_closure.sha256,sha256,1022
la_lb_continuity,la-lb-ritual,experiments/la_lb_continuity/data/gold/la_candidate_packet.jsonl,jsonl,59868
la_lb_continuity,la-lb-ritual,experiments/la_lb_continuity/data/gold/lb_toponym_target_manifest.jsonl,jsonl,16876
la_lb_continuity,la-lb-ritual,experiments/la_lb_continuity/data/gold/ab_sign_equivalence.json,json,217347
la_lb_continuity,la-lb-ritual,experiments/la_lb_continuity/tests/test_continuity_heldout.py,py,1507
la_lb_continuity,la-lb-ritual,experiments/la_lb_continuity/tests/test_continuity_partitions.py,py,1823
la_lb_continuity,la-lb-ritual,experiments/la_lb_continuity/tests/test_continuity_model.py,py,1810
la_lb_continuity,la-lb-ritual,experiments/la_lb_continuity/tests/test_continuity_nulls.py,py,1329
la_lb_continuity,la-lb-ritual,experiments/la_lb_continuity/tests/test_continuity_verdict.py,py,1324
la_lb_continuity,la-lb-ritual,experiments/la_lb_continuity/tests/test_continuity_power.py,py,1441
la_lb_continuity,la-lb-ritual,experiments/la_lb_continuity/tests/test_continuity_circularity.py,py,1015
la_lb_continuity,la-lb-ritual,experiments/la_lb_continuity/tests/test_known_pairs.py,py,2077
la_lb_continuity,la-lb-ritual,experiments/la_lb_continuity/tests/test_sigla_reconcile_normalization.py,py,1377
la_lb_continuity,la-lb-ritual,experiments/la_lb_continuity/tests/test_ab_equivalence_structure.py,py,1816
la_lb_continuity,la-lb-ritual,experiments/la_lb_continuity/tests/test_lb_target_independence.py,py,2443
la_lb_continuity,la-lb-ritual,experiments/la_lb_continuity/tests/test_ab_equivalence_blindness.py,py,2018
la_lb_continuity,la-lb-ritual,experiments/la_lb_continuity/tests/test_continuity_controls.py,py,1603
la_lb_continuity,la-lb-ritual,experiments/la_lb_continuity/tests/test_sigla_reconcile_crosswalk.py,py,1946
la_lb_continuity,la-lb-ritual,experiments/la_lb_continuity/tests/test_la_candidate_leakage.py,py,2562
la_lb_continuity,la-lb-ritual,experiments/la_lb_continuity/tests/test_la_candidate_freeze.py,py,2795
la_lb_continuity,la-lb-ritual,experiments/la_lb_continuity/reports/CONTINUITY_POWER_ENVELOPE.md,md,2336
la_lb_continuity,la-lb-ritual,experiments/la_lb_continuity/reports/CHANNEL_COMPARISON.md,md,1596
la_lb_continuity,la-lb-ritual,experiments/la_lb_continuity/reports/METADATA_FREEZE_CLARIFICATIONS.md,md,2620
la_lb_continuity,la-lb-ritual,experiments/la_lb_continuity/reports/FINAL_CHANNEL_VERDICT.md,md,4421
la_lb_continuity,la-lb-ritual,experiments/la_lb_continuity/reports/ADMINISTRATIVE_CHANNEL_ARCHIVE_MANIFEST.md,md,1355
la_lb_continuity,la-lb-ritual,experiments/la_lb_continuity/reports/SIGLA_CORPUS_DELTA.md,md,4144
la_lb_continuity,la-lb-ritual,experiments/la_lb_continuity/reports/LB_TOPONYM_TARGET_AUDIT.md,md,3402
la_lb_continuity,la-lb-ritual,experiments/la_lb_continuity/reports/HELDOUT_GENERALIZATION_RESULTS.md,md,2272
la_lb_continuity,la-lb-ritual,experiments/la_lb_continuity/reports/LA_CANDIDATE_FREEZE.md,md,4668
la_lb_continuity,la-lb-ritual,experiments/la_lb_continuity/reports/POSITIVE_CONTROL_RESULTS.md,md,2392
la_lb_continuity,la-lb-ritual,experiments/la_lb_continuity/reports/CONTINUITY_MODEL_SPEC.md,md,2626
la_lb_continuity,la-lb-ritual,experiments/la_lb_continuity/reports/KNOWN_PERSISTENCE_PAIR_AUDIT.md,md,3241
la_lb_continuity,la-lb-ritual,experiments/la_lb_continuity/reports/ADMINISTRATIVE_CHANNEL_CLOSURE.md,md,2126
la_lb_continuity,la-lb-ritual,experiments/la_lb_continuity/reports/AB_SIGN_EQUIVALENCE_AUDIT.md,md,3709
la_lb_continuity,la-lb-ritual,experiments/la_lb_continuity/reports/SIGLA_SOURCE_AUDIT.md,md,4192
la_lb_continuity,la-lb-ritual,experiments/la_lb_continuity/reports/SIGLA_SILVER_CROSSWALK.md,md,2922
la_lb_continuity,la-lb-ritual,experiments/la_lb_continuity/reports/CIRCULARITY_AUDIT.md,md,2173
la_lb_continuity,la-lb-ritual,experiments/la_lb_continuity/reports/GENRE_MISMATCH_AUDIT.md,md,1771
la_lb_continuity,la-lb-ritual,experiments/la_lb_continuity/reports/END_TO_END_NULL_RESULTS.md,md,2440
la_lb_ritual,la-lb-ritual,experiments/la_lb_ritual/STATUS.md,md,1179
la_lb_ritual,la-lb-ritual,experiments/la_lb_ritual/DECISION_LOG.md,md,1402
la_lb_ritual,la-lb-ritual,experiments/la_lb_ritual/PROJECT_CHARTER.md,md,3107
la_lb_ritual,la-lb-ritual,experiments/la_lb_ritual/SOURCE_REGISTER.csv,csv,1067
la_lb_ritual,la-lb-ritual,experiments/la_lb_ritual/data/results/drift_feasibility.json,json,3450
la_lb_ritual,la-lb-ritual,experiments/la_lb_ritual/data/results/ritual_controls.json,json,1132
la_lb_ritual,la-lb-ritual,experiments/la_lb_ritual/data/results/ritual_final_verdict.json,json,1715
la_lb_ritual,la-lb-ritual,experiments/la_lb_ritual/data/results/ritual_nulls_power.json,json,2478
la_lb_ritual,la-lb-ritual,experiments/la_lb_ritual/data/gold/la_ritual_candidate_packet.jsonl,jsonl,276205
la_lb_ritual,la-lb-ritual,experiments/la_lb_ritual/data/gold/lb_ritual_target_packet.jsonl,jsonl,23917
la_lb_ritual,la-lb-ritual,experiments/la_lb_ritual/data/gold/la_ritual_candidate_manifest.jsonl,jsonl,286695
la_lb_ritual,la-lb-ritual,experiments/la_lb_ritual/data/manifests/la_ritual_candidate_packet.sha256,sha256,126
la_lb_ritual,la-lb-ritual,experiments/la_lb_ritual/data/manifests/lb_ritual_target_packet.sha256,sha256,123
la_lb_ritual,la-lb-ritual,experiments/la_lb_ritual/data/manifests/known_ritual_pair_ledger.sha256,sha256,97
la_lb_ritual,la-lb-ritual,experiments/la_lb_ritual/data/quarantine/known_ritual_pair_ledger.jsonl,jsonl,4470
la_lb_ritual,la-lb-ritual,experiments/la_lb_ritual/src/sim/ritual_verdict.py,py,4711
la_lb_ritual,la-lb-ritual,experiments/la_lb_ritual/src/sim/nulls_power.py,py,5746
la_lb_ritual,la-lb-ritual,experiments/la_lb_ritual/src/sim/controls.py,py,4102
la_lb_ritual,la-lb-ritual,experiments/la_lb_ritual/src/sim/simlib.py,py,1886
la_lb_ritual,la-lb-ritual,experiments/la_lb_ritual/src/sim/__pycache__/ritual_verdict.cpython-311.pyc,pyc,5712
la_lb_ritual,la-lb-ritual,experiments/la_lb_ritual/src/sim/__pycache__/simlib.cpython-311.pyc,pyc,6205
la_lb_ritual,la-lb-ritual,experiments/la_lb_ritual/src/sim/__pycache__/controls.cpython-311.pyc,pyc,9289
la_lb_ritual,la-lb-ritual,experiments/la_lb_ritual/src/sim/__pycache__/nulls_power.cpython-311.pyc,pyc,11808
la_lb_ritual,la-lb-ritual,experiments/la_lb_ritual/src/inventory/build_lb_ritual.py,py,6045
la_lb_ritual,la-lb-ritual,experiments/la_lb_ritual/src/inventory/build_la_ritual.py,py,6726
la_lb_ritual,la-lb-ritual,experiments/la_lb_ritual/src/inventory/build_known_ritual_ledger.py,py,4774
la_lb_ritual,la-lb-ritual,experiments/la_lb_ritual/src/inventory/__pycache__/build_known_ritual_ledger.cpython-311.pyc,pyc,8309
la_lb_ritual,la-lb-ritual,experiments/la_lb_ritual/src/inventory/__pycache__/build_la_ritual.cpython-311.pyc,pyc,13595
la_lb_ritual,la-lb-ritual,experiments/la_lb_ritual/src/inventory/__pycache__/build_lb_ritual.cpython-311.pyc,pyc,8958
la_lb_ritual,la-lb-ritual,experiments/la_lb_ritual/src/drift_feasibility/drift_feasibility.py,py,6215
la_lb_ritual,la-lb-ritual,experiments/la_lb_ritual/src/drift_feasibility/__pycache__/drift_feasibility.cpython-311.pyc,pyc,6008
la_lb_ritual,la-lb-ritual,experiments/la_lb_ritual/tests/test_ritual_verdict.py,py,901
la_lb_ritual,la-lb-ritual,experiments/la_lb_ritual/tests/test_known_ritual_ledger.py,py,1024
la_lb_ritual,la-lb-ritual,experiments/la_lb_ritual/tests/test_ritual_leakage.py,py,3604
la_lb_ritual,la-lb-ritual,experiments/la_lb_ritual/tests/test_la_ritual_candidates.py,py,2663
la_lb_ritual,la-lb-ritual,experiments/la_lb_ritual/tests/test_lb_ritual_targets.py,py,2184
la_lb_ritual,la-lb-ritual,experiments/la_lb_ritual/tests/test_drift_feasibility.py,py,820
la_lb_ritual,la-lb-ritual,experiments/la_lb_ritual/tests/test_ritual_nulls_power.py,py,1353
la_lb_ritual,la-lb-ritual,experiments/la_lb_ritual/tests/test_ritual_controls.py,py,1008
la_lb_ritual,la-lb-ritual,experiments/la_lb_ritual/tests/__pycache__/test_ritual_leakage.cpython-311-pytest-9.0.2.pyc,pyc,16988
la_lb_ritual,la-lb-ritual,experiments/la_lb_ritual/tests/__pycache__/test_ritual_nulls_power.cpython-311-pytest-9.0.2.pyc,pyc,6396
la_lb_ritual,la-lb-ritual,experiments/la_lb_ritual/tests/__pycache__/test_ritual_verdict.cpython-311-pytest-9.0.2.pyc,pyc,5377
la_lb_ritual,la-lb-ritual,experiments/la_lb_ritual/tests/__pycache__/test_ritual_controls.cpython-311-pytest-9.0.2.pyc,pyc,7903
la_lb_ritual,la-lb-ritual,experiments/la_lb_ritual/tests/__pycache__/test_known_ritual_ledger.cpython-311-pytest-9.0.2.pyc,pyc,8559
la_lb_ritual,la-lb-ritual,experiments/la_lb_ritual/tests/__pycache__/test_drift_feasibility.cpython-311-pytest-9.0.2.pyc,pyc,5530
la_lb_ritual,la-lb-ritual,experiments/la_lb_ritual/tests/__pycache__/test_la_ritual_candidates.cpython-311-pytest-9.0.2.pyc,pyc,15130
la_lb_ritual,la-lb-ritual,experiments/la_lb_ritual/tests/__pycache__/test_lb_ritual_targets.cpython-311-pytest-9.0.2.pyc,pyc,14397
la_lb_ritual,la-lb-ritual,experiments/la_lb_ritual/reports/LB_RITUAL_TARGET_AUDIT.md,md,1737
la_lb_ritual,la-lb-ritual,experiments/la_lb_ritual/reports/RITUAL_LEAKAGE_AUDIT.md,md,1146
la_lb_ritual,la-lb-ritual,experiments/la_lb_ritual/reports/KNOWN_RITUAL_PAIR_AUDIT.md,md,1250
la_lb_ritual,la-lb-ritual,experiments/la_lb_ritual/reports/FINAL_RITUAL_FEASIBILITY_VERDICT.md,md,2496
la_lb_ritual,la-lb-ritual,experiments/la_lb_ritual/reports/RITUAL_POWER_ENVELOPE.md,md,995
la_lb_ritual,la-lb-ritual,experiments/la_lb_ritual/reports/RITUAL_NULL_RESULTS.md,md,1055
la_lb_ritual,la-lb-ritual,experiments/la_lb_ritual/reports/LB_RITUAL_INPUT_PACKET.md,md,494
la_lb_ritual,la-lb-ritual,experiments/la_lb_ritual/reports/RITUAL_NULL_SPEC.md,md,741
la_lb_ritual,la-lb-ritual,experiments/la_lb_ritual/reports/INDEPENDENT_DRIFT_EVIDENCE_AUDIT.md,md,1187
la_lb_ritual,la-lb-ritual,experiments/la_lb_ritual/reports/DRIFT_MODEL_FEASIBILITY.md,md,1817
la_lb_ritual,la-lb-ritual,experiments/la_lb_ritual/reports/LA_RITUAL_INPUT_PACKET.md,md,597
la_lb_ritual,la-lb-ritual,experiments/la_lb_ritual/reports/LA_RITUAL_CANDIDATE_AUDIT.md,md,1886
crossscript_gate,main,experiments/crossscript_gate/salgarella_2020_grades.json,json,18749
crossscript_gate,main,experiments/crossscript_gate/phase1_power.py,py,8576
crossscript_gate,main,experiments/crossscript_gate/PHASE0_REPORT.md,md,7246
crossscript_gate,main,experiments/crossscript_gate/PHASE1_REPORT.md,md,6908
crossscript_gate,main,experiments/crossscript_gate/PHASE1_RESULTS_DOI.md,md,1510
crossscript_gate,main,experiments/crossscript_gate/PREREG_FINAL.md,md,16170
crossscript_gate,main,experiments/crossscript_gate/PREREG_DRAFT.md,md,14214
crossscript_gate,main,experiments/crossscript_gate/anchors.csv,csv,50530
crossscript_gate,main,experiments/crossscript_gate/PHASE05_REPORT.md,md,5724
crossscript_gate,main,experiments/crossscript_gate/power_precheck.py,py,12089
crossscript_gate,main,experiments/crossscript_gate/toponym_anchors.csv,csv,1800
crossscript_gate,main,experiments/crossscript_gate/oneshot_run.py,py,9932
crossscript_gate,main,experiments/crossscript_gate/anchors_summary.json,json,1031
crossscript_gate,main,experiments/crossscript_gate/PREREG_FINAL_TIMESTAMP.md,md,1029
crossscript_gate,main,experiments/crossscript_gate/build_anchors.py,py,10009
crossscript_gate,main,experiments/crossscript_gate/steele_meissner_2017.py,py,7974
crossscript_gate,main,experiments/crossscript_gate/ANCHORS.md,md,3976
crossscript_gate,main,experiments/crossscript_gate/__pycache__/phase1_power.cpython-311.pyc,pyc,18882
crossscript_gate,main,experiments/crossscript_gate/__pycache__/power_precheck.cpython-311.pyc,pyc,26662
crossscript_gate,main,experiments/crossscript_gate/__pycache__/steele_meissner_2017.cpython-311.pyc,pyc,4997
crossscript_gate,main,experiments/crossscript_gate/__pycache__/oneshot_run.cpython-311.pyc,pyc,20318
crossscript_gate,main,experiments/crossscript_gate/phase3/GAP_DELTA.md,md,3212
crossscript_gate,main,experiments/crossscript_gate/phase3/anetaki_extraction.md,md,6425
crossscript_gate,main,experiments/crossscript_gate/phase3/sweep/sweep_scan.py,py,3967
crossscript_gate,main,experiments/crossscript_gate/phase3/sweep/frozen_hashes_before.json,json,454
crossscript_gate,main,experiments/crossscript_gate/phase3/sweep/scan_summary.json,json,172
crossscript_gate,main,experiments/crossscript_gate/phase3/sweep/diff_summary.json,json,390
crossscript_gate,main,experiments/crossscript_gate/phase3/sweep/SWEEP_DELTA.md,md,4174
crossscript_gate,main,experiments/crossscript_gate/phase3/sweep/missing_items.csv,csv,137852
crossscript_gate,main,experiments/crossscript_gate/phase3/sweep/corpus_inventory.csv,csv,94175
crossscript_gate,main,experiments/crossscript_gate/phase3/sweep/published_record_checklist.csv,csv,153198
crossscript_gate,main,experiments/crossscript_gate/phase3/sweep/checklist_notes.md,md,14281
crossscript_gate,main,experiments/crossscript_gate/phase3/sweep/fragments/younger.csv,csv,14038
crossscript_gate,main,experiments/crossscript_gate/phase3/sweep/fragments/delfreo.csv,csv,17889
crossscript_gate,main,experiments/crossscript_gate/phase3/sweep/fragments/sigla.csv,csv,118703
crossscript_gate,main,experiments/crossscript_gate/results/power_precheck.json,json,4872
crossscript_gate,main,experiments/crossscript_gate/results/phase1_power.json,json,4541
crossscript_gate,main,experiments/crossscript_gate/results/oneshot_gate.json,json,11196
crossscript_gate,main,experiments/crossscript_gate/results/power_precheck_phase05.json,json,2806
crossscript_gate,main,experiments/crossscript_gate/phase2/SELECTION_RULE.md,md,2852
crossscript_gate,main,experiments/crossscript_gate/phase2/p2_select_certify.py,py,10771
crossscript_gate,main,experiments/crossscript_gate/phase2/P2_CERTIFICATION.md,md,1732
crossscript_gate,main,experiments/crossscript_gate/phase2/PHASE2_RESULTS_DOI.md,md,1301
crossscript_gate,main,experiments/crossscript_gate/phase2/anchor_census.csv,csv,28822
crossscript_gate,main,experiments/crossscript_gate/phase2/quota_sweep.py,py,9963
crossscript_gate,main,experiments/crossscript_gate/phase2/PREREG_FINAL_P2.md,md,7412
crossscript_gate,main,experiments/crossscript_gate/phase2/QUOTA_RESULT.md,md,2736
crossscript_gate,main,experiments/crossscript_gate/phase2/GAP_ANALYSIS.md,md,3761
crossscript_gate,main,experiments/crossscript_gate/phase2/SWEEP_SPEC.md,md,6624
crossscript_gate,main,experiments/crossscript_gate/phase2/CENSUS.md,md,12036
crossscript_gate,main,experiments/crossscript_gate/phase2/SELECTED_ANCHORS.md,md,2205
crossscript_gate,main,experiments/crossscript_gate/phase2/PREREG_P2_TIMESTAMP.md,md,887
crossscript_gate,main,experiments/crossscript_gate/phase2/PHASE2_REPORT.md,md,4544
crossscript_gate,main,experiments/crossscript_gate/phase2/gap_analysis.py,py,6684
crossscript_gate,main,experiments/crossscript_gate/phase2/p2_oneshot.py,py,8866
crossscript_gate,main,experiments/crossscript_gate/phase2/__pycache__/p2_select_certify.cpython-311.pyc,pyc,26554
crossscript_gate,main,experiments/crossscript_gate/phase2/__pycache__/quota_sweep.cpython-311.pyc,pyc,22930
crossscript_gate,main,experiments/crossscript_gate/phase2/results/p2_certification.json,json,4746
crossscript_gate,main,experiments/crossscript_gate/phase2/results/selected_anchors.json,json,2761
crossscript_gate,main,experiments/crossscript_gate/phase2/results/gap_analysis.json,json,2117
crossscript_gate,main,experiments/crossscript_gate/phase2/results/p2_oneshot_gate.json,json,6276
crossscript_gate,main,experiments/crossscript_gate/phase2/results/phase2_quota_sweep.json,json,37682
representation_audit,main,experiments/representation_audit/sensitivity_results.json,json,4936
representation_audit,main,experiments/representation_audit/sensitivity.py,py,6614
representation_audit,main,experiments/representation_audit/FINDINGS.md,md,9097
schema_induction,main,experiments/schema_induction/FINDINGS.md,md,5934
schema_induction,main,experiments/schema_induction/reconcile.py,py,9912
schema_induction,main,experiments/schema_induction/reconcile_results.json,json,9419
schema_recon,main,experiments/schema_recon/FINDINGS.md,md,4746
segmentation_extension,main,experiments/segmentation_extension/models_neural.py,py,8634
segmentation_extension,main,experiments/segmentation_extension/harness.py,py,7657
segmentation_extension,main,experiments/segmentation_extension/PREREG.md,md,13529
segmentation_extension,main,experiments/segmentation_extension/GATE_RESULTS.md,md,1238
segmentation_extension,main,experiments/segmentation_extension/models_pyp.py,py,14145
segmentation_extension,main,experiments/segmentation_extension/models_morfessor.py,py,2709
segmentation_extension,main,experiments/segmentation_extension/run_models.py,py,11905
segmentation_extension,main,experiments/segmentation_extension/frozen_metric.py,py,11896
segmentation_extension,main,experiments/segmentation_extension/run_gates.py,py,4053
segmentation_extension,main,experiments/segmentation_extension/results/models_diagnostics.json,json,25189
segmentation_extension,main,experiments/segmentation_extension/results/loso_baseline_counts.json,json,35517
segmentation_extension,main,experiments/segmentation_extension/results/models_loso_counts.json,json,71058
segmentation_extension,main,experiments/segmentation_extension/results/run_models.log,log,4521
segmentation_extension,main,experiments/segmentation_extension/results/gate_results.json,json,1322
segmentation_extension,main,experiments/segmentation_extension/results/models_summary.json,json,5991
segmentation_extension,main,experiments/segmentation_extension/__pycache__/run_models.cpython-311.pyc,pyc,22197
segmentation_extension,main,experiments/segmentation_extension/__pycache__/frozen_metric.cpython-311.pyc,pyc,21496
segmentation_extension,main,experiments/segmentation_extension/__pycache__/models_morfessor.cpython-311.pyc,pyc,4792
segmentation_extension,main,experiments/segmentation_extension/__pycache__/models_pyp.cpython-311.pyc,pyc,26198
segmentation_extension,main,experiments/segmentation_extension/__pycache__/models_neural.cpython-311.pyc,pyc,18231
segmentation_extension,main,experiments/segmentation_extension/__pycache__/harness.cpython-311.pyc,pyc,14412
sufficiency,main,experiments/sufficiency/pulse.sh,sh,1006
sufficiency,main,experiments/sufficiency/INSTRUMENTATION_AUDIT.md,md,3934
sufficiency,main,experiments/sufficiency/fence_check.py,py,857
sufficiency,main,experiments/sufficiency/ACCELERATION_OPTIONS.md,md,8412
sufficiency,main,experiments/sufficiency/STEP0_SWEEP_AUDIT.md,md,4585
sufficiency,main,experiments/sufficiency/gpu01_gpu_benchmark.py,py,4563
sufficiency,main,experiments/sufficiency/status_table.sh,sh,3300
sufficiency,main,experiments/sufficiency/ACCELERATION_HALT_VERIFICATION.md,md,7453
sufficiency,main,experiments/sufficiency/EXIT_B_NUMBER_PROVENANCE.md,md,8134
sufficiency,main,experiments/sufficiency/smt_remedy.sh,sh,2453
sufficiency,main,experiments/sufficiency/PREREG_robustness.md,md,5629
sufficiency,main,experiments/sufficiency/sweep_observe_snapshot_first.json,json,5301
sufficiency,main,experiments/sufficiency/PROGRESS.md,md,8409
sufficiency,main,experiments/sufficiency/STEP_A_RULING.md,md,2563
sufficiency,main,experiments/sufficiency/EXIT_B_SUBMISSION_VERIFICATION.md,md,11513
sufficiency,main,experiments/sufficiency/ACCELERATION_PREFLIGHT.md,md,4332
sufficiency,main,experiments/sufficiency/EXIT_B_INTEGRITY_RULING.md,md,4997
sufficiency,main,experiments/sufficiency/run_fenced.sh,sh,1466
sufficiency,main,experiments/sufficiency/resume_sweep.py,py,7975
_paper_findings,main,docs/findings/2026-06-30-ab-alignment-null.md,md,5168
_paper_findings,main,docs/findings/2026-06-30-c4-ablation-qwen72b.md,md,4069
_paper_findings,main,docs/findings/2026-06-30-c4-gate2-qwen72b.md,md,4998
_paper_findings,main,docs/findings/2026-06-30-decontamination-framework.md,md,5588
_paper_findings,main,docs/findings/2026-06-30-direction-a-morphology.md,md,5891
_paper_findings,main,docs/findings/2026-06-30-direction-d-metrology.md,md,7671
_paper_findings,main,docs/findings/2026-06-30-expert-redteam-synthesis.md,md,14140
_paper_findings,main,docs/findings/2026-06-30-information-floor.md,md,4892
_paper_findings,main,docs/findings/2026-06-30-inventory-cleaned.md,md,4147
_paper_findings,main,docs/findings/2026-06-30-lfake-canary.md,md,4071
_paper_findings,main,docs/findings/2026-06-30-lfake-fixes.md,md,3181
_paper_findings,main,docs/findings/2026-06-30-litindex-semitic-proposals.md,md,3278
_paper_findings,main,docs/findings/2026-06-30-lvirgin-qwen72b.md,md,3598
_paper_findings,main,docs/findings/2026-06-30-palaeo-jepa.md,md,9708
_paper_findings,main,docs/findings/2026-06-30-paper-audit.md,md,7444
_paper_findings,main,docs/findings/2026-06-30-scaffold.md,md,3501
_paper_findings,main,docs/findings/2026-06-30-tamburini-partial.md,md,1943
_paper_findings,main,docs/findings/2026-06-30-tamburini-reproduction.md,md,9129
_paper_findings,main,docs/findings/2026-06-30-ugaritic-hebrew-baseline.md,md,2829
_paper_findings,main,docs/findings/2026-07-01-csa-h100-outcome.md,md,5401
_paper_findings,main,docs/findings/2026-07-01-direction-a-stratified-morphology.md,md,6598
_paper_findings,main,docs/findings/2026-07-01-distributional-phonology-pilot.md,md,4063
_paper_findings,main,docs/findings/2026-07-01-linb-morphology-positive-control.md,md,3107
_paper_findings,main,docs/findings/2026-07-01-referee-simulation.md,md,4242
_paper_findings,main,docs/findings/2026-07-01-review-fixes.md,md,13690
_paper_findings,main,docs/findings/2026-07-01-second-pass-fixes.md,md,7933
